step,layer,head,edge,light,heavy_slice,abs_diff,rel_diff
0,0,0,P->P,0.35915815830230713,0.35915815830230713,0.0,0.0
0,0,0,P->R1,0.04354735463857651,0.04354735463857651,0.0,0.0
0,0,0,P->S,0.09913897514343262,0.09913897514343262,0.0,0.0
0,0,0,P->X,0.5197818875312805,0.5197818875312805,0.0,0.0
0,0,0,R1->P,0.4611179127412684,0.4610450408037971,7.287193747129717e-05,0.00015803319597385788
0,0,0,R1->R1,0.2066043404971852,0.2067738140330595,0.0001694735358742927,0.0008202806168856923
0,0,0,R1->S,0.1319445301504696,0.13314693114336798,0.001202400992898367,0.00911292792150723
0,0,0,R1->X,0.2246837615966797,0.22501729516422048,0.0003335335675407891,0.0014844578227219691
0,0,0,S->P,0.5672211366541245,0.5672211366541245,0.0,0.0
0,0,0,S->R1,0.015099504414726706,0.015099504414726706,0.0,0.0
0,0,0,S->S,0.2285905024584602,0.2285905024584602,0.0,0.0
0,0,0,S->X,0.2179554911220775,0.2179554911220775,0.0,0.0
0,0,0,X->P,0.1593295931816101,0.1593295931816101,0.0,0.0
0,0,0,X->R1,0.010767145082354546,0.010767145082354546,0.0,0.0
0,0,0,X->S,0.036734625697135925,0.036734625697135925,0.0,0.0
0,0,0,X->X,0.8151265382766724,0.8151265382766724,0.0,0.0
0,0,4,P->P,0.3397030234336853,0.3397030234336853,0.0,0.0
0,0,4,P->R1,0.11380498856306076,0.11380498856306076,0.0,0.0
0,0,4,P->S,0.11002431809902191,0.11002431809902191,0.0,0.0
0,0,4,P->X,0.45460763573646545,0.45460763573646545,0.0,0.0
0,0,4,R1->P,0.12019658088684082,0.12080783002516803,0.0006112491383272051,0.005085412029337724
0,0,4,R1->R1,0.5472703821518842,0.5471619998707491,0.00010838228113507764,0.00019804156166631042
0,0,4,R1->S,0.16205599728752584,0.1614540885476505,0.0006019087398753398,0.00371420218905821
0,0,4,R1->X,0.21874091204474955,0.2184622427996467,0.0002786692451028361,0.0012739694760247984
0,0,4,S->P,0.18122264918159037,0.18122264918159037,0.0,0.0
0,0,4,S->R1,0.10543333782869227,0.10543333782869227,0.0,0.0
0,0,4,S->S,0.6328728619743796,0.6328728619743796,0.0,0.0
0,0,4,S->X,0.13960975759169636,0.13960975759169636,0.0,0.0
0,0,4,X->P,0.14553970098495483,0.14553970098495483,0.0,0.0
0,0,4,X->R1,0.041329823434352875,0.041329823434352875,0.0,0.0
0,0,4,X->S,0.14613904058933258,0.14613904058933258,0.0,0.0
0,0,4,X->X,0.7758901119232178,0.7758901119232178,0.0,0.0
0,0,8,P->P,0.21620559692382812,0.21620559692382812,0.0,0.0
0,0,8,P->R1,0.054996900260448456,0.054996900260448456,0.0,0.0
0,0,8,P->S,0.12044530361890793,0.12044530361890793,0.0,0.0
0,0,8,P->X,0.6352408528327942,0.6352408528327942,0.0,0.0
0,0,8,R1->P,0.2959910000071806,0.3031240631552303,0.007133063148049734,0.024098919047797703
0,0,8,R1->R1,0.4736870597390568,0.46906443203196807,0.004622627707088711,0.009758822015605007
0,0,8,R1->S,0.113267323550056,0.10910219304701861,0.0041651305030373925,0.03677256928558663
0,0,8,R1->X,0.15497293191797593,0.15218032107633703,0.0027926108416388984,0.01801999102086403
0,0,8,S->P,0.45867199056288777,0.45867199056288777,0.0,0.0
0,0,8,S->R1,0.039781991173239314,0.039781991173239314,0.0,0.0
0,0,8,S->S,0.4553474257974064,0.4553474257974064,0.0,0.0
0,0,8,S->X,0.11191912959603702,0.11191912959603702,0.0,0.0
0,0,8,X->P,0.05318990722298622,0.05318990722298622,0.0,0.0
0,0,8,X->R1,0.009199232794344425,0.009199232794344425,0.0,0.0
0,0,8,X->S,0.06908521801233292,0.06908521801233292,0.0,0.0
0,0,8,X->X,0.9266421794891357,0.9266421794891357,0.0,0.0
0,0,12,P->P,0.7311936616897583,0.7311936616897583,0.0,0.0
0,0,12,P->R1,0.05831831693649292,0.05831831693649292,0.0,0.0
0,0,12,P->S,0.07287092506885529,0.07287092506885529,0.0,0.0
0,0,12,P->X,0.14731797575950623,0.14731797575950623,0.0,0.0
0,0,12,R1->P,0.0017645490520140704,0.0017705182818805471,5.9692298664767475e-06,0.003382864227924648
0,0,12,R1->R1,0.5884403340956744,0.5888722924625173,0.00043195836684284394,0.0007340733491810775
0,0,12,R1->S,0.23070447585161993,0.2311554375816794,0.00045096173005945706,0.001954715999309428
0,0,12,R1->X,0.25213998906752644,0.25173111522898955,0.00040887383853688286,0.0016216144057473606
0,0,12,S->P,0.0020728106884395376,0.0020728106884395376,0.0,0.0
0,0,12,S->R1,0.06335506018470316,0.06335506018470316,0.0,0.0
0,0,12,S->S,0.7363071441650391,0.7363071441650391,0.0,0.0
0,0,12,S->X,0.2994525011848001,0.2994525011848001,0.0,0.0
0,0,12,X->P,0.002197553403675556,0.002197553403675556,0.0,0.0
0,0,12,X->R1,0.00969451479613781,0.00969451479613781,0.0,0.0
0,0,12,X->S,0.0738515704870224,0.0738515704870224,0.0,0.0
0,0,12,X->X,0.9703437089920044,0.9703437089920044,0.0,0.0
0,0,16,P->P,0.17815867066383362,0.17815867066383362,0.0,0.0
0,0,16,P->R1,0.06901805102825165,0.06901805102825165,0.0,0.0
0,0,16,P->S,0.07189742475748062,0.07189742475748062,0.0,0.0
0,0,16,P->X,0.6993094086647034,0.6993094086647034,0.0,0.0
0,0,16,R1->P,0.46262219372917623,0.46482470456291647,0.0022025108337402344,0.00476092773670432
0,0,16,R1->R1,0.4081403788398294,0.40640982459573183,0.0017305542440975707,0.004240095648014061
0,0,16,R1->S,0.058685471029842604,0.05813917692969827,0.000546294100144333,0.0093088474976461
0,0,16,R1->X,0.08507386375876035,0.08468462439144359,0.0003892393673167599,0.004575310796045496
0,0,16,S->P,0.5684279834522921,0.5684279834522921,0.0,0.0
0,0,16,S->R1,0.03282004945418414,0.03282004945418414,0.0,0.0
0,0,16,S->S,0.36222110075109143,0.36222110075109143,0.0,0.0
0,0,16,S->X,0.0765776143354528,0.0765776143354528,0.0,0.0
0,0,16,X->P,0.08255964517593384,0.08255964517593384,0.0,0.0
0,0,16,X->R1,0.012366639450192451,0.012366639450192451,0.0,0.0
0,0,16,X->S,0.09606218338012695,0.09606218338012695,0.0,0.0
0,0,16,X->X,0.8909775018692017,0.8909775018692017,0.0,0.0
0,0,20,P->P,0.6195551753044128,0.6195551753044128,0.0,0.0
0,0,20,P->R1,0.056825943291187286,0.056825943291187286,0.0,0.0
0,0,20,P->S,0.08442236483097076,0.08442236483097076,0.0,0.0
0,0,20,P->X,0.25971633195877075,0.25971633195877075,0.0,0.0
0,0,20,R1->P,0.012236048193538891,0.012235873762299032,1.7443123985841358e-07,1.4255520826611327e-05
0,0,20,R1->R1,0.733578177059398,0.7344225715188419,0.0008443944594439534,0.0011510626758674456
0,0,20,R1->S,0.18437506170833812,0.18500482334810145,0.0006297616397633321,0.0034156552080755287
0,0,20,R1->X,0.12490589478436638,0.1247256363139433,0.00018025847042307808,0.0014431542301047572
0,0,20,S->P,0.024116708951837876,0.024116708951837876,0.0,0.0
0,0,20,S->R1,0.04084747679093305,0.04084747679093305,0.0,0.0
0,0,20,S->S,0.754405189962948,0.754405189962948,0.0,0.0
0,0,20,S->X,0.257348705740536,0.257348705740536,0.0,0.0
0,0,20,X->P,0.015923231840133667,0.015923231840133667,0.0,0.0
0,0,20,X->R1,0.009325814433395863,0.009325814433395863,0.0,0.0
0,0,20,X->S,0.049636442214250565,0.049636442214250565,0.0,0.0
0,0,20,X->X,0.964983344078064,0.964983344078064,0.0,0.0
0,4,0,P->P,0.8889240026473999,0.8889240026473999,0.0,0.0
0,4,0,P->R1,0.031091220676898956,0.031091220676898956,0.0,0.0
0,4,0,P->S,0.03355635702610016,0.03355635702610016,0.0,0.0
0,4,0,P->X,0.04941003769636154,0.04941003769636154,0.0,0.0
0,4,0,R1->P,0.0010527698870967416,0.0010529742302263483,2.0434312960671865e-07,0.0001941004697334595
0,4,0,R1->R1,0.9431608985452091,0.9429262946633732,0.0002346038818359375,0.0002487421628672322
0,4,0,R1->S,0.09054944094489603,0.0917135757558486,0.0011641348109525662,0.012856344542877983
0,4,0,R1->X,0.024181825273177204,0.024521929376265583,0.0003401041030883789,0.014064451266448725
0,4,0,S->P,0.005517110228538513,0.005517110228538513,0.0,0.0
0,4,0,S->R1,0.08812357397640452,0.08812357397640452,0.0,0.0
0,4,0,S->S,0.9410423951990464,0.9410423951990464,0.0,0.0
0,4,0,S->X,0.07022833824157715,0.07022833824157715,0.0,0.0
0,4,0,X->P,0.2495415210723877,0.2495415210723877,0.0,0.0
0,4,0,X->R1,0.09263606369495392,0.09263606369495392,0.0,0.0
0,4,0,X->S,0.12893229722976685,0.12893229722976685,0.0,0.0
0,4,0,X->X,0.5803508758544922,0.5803508758544922,0.0,0.0
0,4,4,P->P,0.9623508453369141,0.9623508453369141,0.0,0.0
0,4,4,P->R1,0.014905346557497978,0.014905346557497978,0.0,0.0
0,4,4,P->S,0.01013433001935482,0.01013433001935482,0.0,0.0
0,4,4,P->X,0.013667160645127296,0.013667160645127296,0.0,0.0
0,4,4,R1->P,0.013092102373347562,0.013496305136119617,0.0004042027627720549,0.030873785679748165
0,4,4,R1->R1,0.9604388966279871,0.9600183823529411,0.00042051427504596894,0.00043783553177860246
0,4,4,R1->S,0.06506771199843463,0.06637906326967127,0.0013113512712366465,0.020153640430267388
0,4,4,R1->X,0.005450486260301927,0.005541294374886681,9.080811458475439e-05,0.016660552884271308
0,4,4,S->P,0.008360771571888644,0.008360771571888644,0.0,0.0
0,4,4,S->R1,0.13073266253751867,0.13073266253751867,0.0,0.0
0,4,4,S->S,0.9196586608886719,0.9196586608886719,0.0,0.0
0,4,4,S->X,0.010066051693523632,0.010066051693523632,0.0,0.0
0,4,4,X->P,0.007869166322052479,0.007869166322052479,0.0,0.0
0,4,4,X->R1,0.4322943091392517,0.4322943091392517,0.0,0.0
0,4,4,X->S,0.577630877494812,0.577630877494812,0.0,0.0
0,4,4,X->X,0.02285078912973404,0.02285078912973404,0.0,0.0
0,4,8,P->P,0.9101226329803467,0.9101226329803467,0.0,0.0
0,4,8,P->R1,0.025605354458093643,0.025605354458093643,0.0,0.0
0,4,8,P->S,0.03837672621011734,0.03837672621011734,0.0,0.0
0,4,8,P->X,0.03771758824586868,0.03771758824586868,0.0,0.0
0,4,8,R1->P,0.014109137303688946,0.014111310243606567,2.172939917621103e-06,0.00015400941041611172
0,4,8,R1->R1,0.8893153246711282,0.8898796193739947,0.0005642947028665635,0.0006345271325165138
0,4,8,R1->S,0.12774067766526165,0.12784394095925725,0.00010326329399559797,0.0008083822309616558
0,4,8,R1->X,0.02324190560509177,0.023103144238976872,0.00013876136611489648,0.005970309340061043
0,4,8,S->P,0.024598947342704323,0.024598947342704323,0.0,0.0
0,4,8,S->R1,0.05282869058496812,0.05282869058496812,0.0,0.0
0,4,8,S->S,0.8903804105870864,0.8903804105870864,0.0,0.0
0,4,8,S->X,0.08999634490293615,0.08999634490293615,0.0,0.0
0,4,8,X->P,0.05176779627799988,0.05176779627799988,0.0,0.0
0,4,8,X->R1,0.041617535054683685,0.041617535054683685,0.0,0.0
0,4,8,X->S,0.07597809284925461,0.07597809284925461,0.0,0.0
0,4,8,X->X,0.8472095727920532,0.8472095727920532,0.0,0.0
0,4,12,P->P,0.8861691951751709,0.8861691951751709,0.0,0.0
0,4,12,P->R1,0.035500623285770416,0.035500623285770416,0.0,0.0
0,4,12,P->S,0.017546135932207108,0.017546135932207108,0.0,0.0
0,4,12,P->X,0.06528601795434952,0.06528601795434952,0.0,0.0
0,4,12,R1->P,0.0005556328003020847,0.0005564021823160789,7.693820139941876e-07,0.0013846950964303986
0,4,12,R1->R1,0.9283768709968118,0.9282654593972599,0.00011141159955185831,0.00012000686685810478
0,4,12,R1->S,0.10384826099171358,0.10347263953265022,0.0003756214590633633,0.003617022138611791
0,4,12,R1->X,0.03284895420074463,0.033283023273243624,0.0004340690724989951,0.0132140910741431
0,4,12,S->P,0.004152012660222895,0.004152012660222895,0.0,0.0
0,4,12,S->R1,0.08116843419916489,0.08116843419916489,0.0,0.0
0,4,12,S->S,0.9352373235365924,0.9352373235365924,0.0,0.0
0,4,12,S->X,0.08581329794491038,0.08581329794491038,0.0,0.0
0,4,12,X->P,0.13093510270118713,0.13093510270118713,0.0,0.0
0,4,12,X->R1,0.0589965358376503,0.0589965358376503,0.0,0.0
0,4,12,X->S,0.10694357007741928,0.10694357007741928,0.0,0.0
0,4,12,X->X,0.7514293789863586,0.7514293789863586,0.0,0.0
0,4,16,P->P,0.9036697149276733,0.9036697149276733,0.0,0.0
0,4,16,P->R1,0.01312218513339758,0.01312218513339758,0.0,0.0
0,4,16,P->S,0.018262356519699097,0.018262356519699097,0.0,0.0
0,4,16,P->X,0.06815600395202637,0.06815600395202637,0.0,0.0
0,4,16,R1->P,0.011426705647917354,0.012051279053968541,0.0006245734060511873,0.05465909644439146
0,4,16,R1->R1,0.9307001899270451,0.9296235477223116,0.001076642204733469,0.0011568088374601748
0,4,16,R1->S,0.07380018514745376,0.07412627164055319,0.0003260864930994256,0.0044185050816322536
0,4,16,R1->X,0.03202340883367202,0.03248468567343319,0.00046127683976117384,0.014404364074949756
0,4,16,S->P,0.02898255516501034,0.02898255516501034,0.0,0.0
0,4,16,S->R1,0.10493665582993451,0.10493665582993451,0.0,0.0
0,4,16,S->S,0.9286155700683594,0.9286155700683594,0.0,0.0
0,4,16,S->X,0.04841447577756994,0.04841447577756994,0.0,0.0
0,4,16,X->P,0.17764094471931458,0.17764094471931458,0.0,0.0
0,4,16,X->R1,0.02973403036594391,0.02973403036594391,0.0,0.0
0,4,16,X->S,0.10008613765239716,0.10008613765239716,0.0,0.0
0,4,16,X->X,0.7603645920753479,0.7603645920753479,0.0,0.0
0,4,20,P->P,0.9710369110107422,0.9710369110107422,0.0,0.0
0,4,20,P->R1,0.007113535888493061,0.007113535888493061,0.0,0.0
0,4,20,P->S,0.008476157672703266,0.008476157672703266,0.0,0.0
0,4,20,P->X,0.0144182238727808,0.0144182238727808,0.0,0.0
0,4,20,R1->P,0.07826317759121165,0.07967960834503174,0.001416430753820086,0.01809830366482769
0,4,20,R1->R1,0.8509612363927505,0.8494025959688074,0.0015586404239430474,0.0018316232952633304
0,4,20,R1->S,0.10538745627683752,0.1057205971549539,0.0003331408781163808,0.0031611055991451983
0,4,20,R1->X,0.0193670392036438,0.019615762373980355,0.00024872317033655666,0.012842601686362096
0,4,20,S->P,0.0787881051792818,0.0787881051792818,0.0,0.0
0,4,20,S->R1,0.042636871337890625,0.042636871337890625,0.0,0.0
0,4,20,S->S,0.8719523373772117,0.8719523373772117,0.0,0.0
0,4,20,S->X,0.055908062878777,0.055908062878777,0.0,0.0
0,4,20,X->P,0.3682485818862915,0.3682485818862915,0.0,0.0
0,4,20,X->R1,0.04407983645796776,0.04407983645796776,0.0,0.0
0,4,20,X->S,0.08583283424377441,0.08583283424377441,0.0,0.0
0,4,20,X->X,0.5188708305358887,0.5188708305358887,0.0,0.0
0,14,0,P->P,0.81708163022995,0.81708163022995,0.0,0.0
0,14,0,P->R1,0.009934197179973125,0.009934197179973125,0.0,0.0
0,14,0,P->S,0.03245879337191582,0.03245879337191582,0.0,0.0
0,14,0,P->X,0.14950641989707947,0.14950641989707947,0.0,0.0
0,14,0,R1->P,0.9433330087100759,0.9438493392046761,0.0005163304946002034,0.0005473470024188378
0,14,0,R1->R1,0.012215801021632026,0.01219022975248449,2.557126914753613e-05,0.0020932945045727194
0,14,0,R1->S,0.015746334019829247,0.015548518475364237,0.00019781554446501003,0.012562641197367103
0,14,0,R1->X,0.04409677842084099,0.04360785905052634,0.0004889193703146513,0.01108741699106932
0,14,0,S->P,0.8319062064675724,0.8319062064675724,0.0,0.0
0,14,0,S->R1,0.034356983268962187,0.034356983268962187,0.0,0.0
0,14,0,S->S,0.08009830643148984,0.08009830643148984,0.0,0.0
0,14,0,S->X,0.09804947236004997,0.09804947236004997,0.0,0.0
0,14,0,X->P,0.5743310451507568,0.5743310451507568,0.0,0.0
0,14,0,X->R1,0.0006402028957381845,0.0006402028957381845,0.0,0.0
0,14,0,X->S,0.09864461421966553,0.09864461421966553,0.0,0.0
0,14,0,X->X,0.42276158928871155,0.42276158928871155,0.0,0.0
0,14,4,P->P,0.6719027161598206,0.6719027161598206,0.0,0.0
0,14,4,P->R1,0.13958272337913513,0.13958272337913513,0.0,0.0
0,14,4,P->S,0.14741885662078857,0.14741885662078857,0.0,0.0
0,14,4,P->X,0.05975358933210373,0.05975358933210373,0.0,0.0
0,14,4,R1->P,0.10643278149997487,0.10641299275790944,1.9788742065429688e-05,0.0001859271343522518
0,14,4,R1->R1,0.609429303337546,0.6087001351749196,0.0007291681626263591,0.0011964770296292975
0,14,4,R1->S,0.2275424564585966,0.22965417188756607,0.0021117154289694573,0.009280533671981795
0,14,4,R1->X,0.12028089691610898,0.12116510727826287,0.0008842103621538866,0.007351211911651999
0,14,4,S->P,0.09809811676249784,0.09809811676249784,0.0,0.0
0,14,4,S->R1,0.2391233724706313,0.2391233724706313,0.0,0.0
0,14,4,S->S,0.5684333128087661,0.5684333128087661,0.0,0.0
0,14,4,S->X,0.16493738398832433,0.16493738398832433,0.0,0.0
0,14,4,X->P,0.1306334137916565,0.1306334137916565,0.0,0.0
0,14,4,X->R1,0.12304799258708954,0.12304799258708954,0.0,0.0
0,14,4,X->S,0.11018300801515579,0.11018300801515579,0.0,0.0
0,14,4,X->X,0.6775022745132446,0.6775022745132446,0.0,0.0
0,14,8,P->P,0.40405404567718506,0.40405404567718506,0.0,0.0
0,14,8,P->R1,0.33988654613494873,0.33988654613494873,0.0,0.0
0,14,8,P->S,0.20428840816020966,0.20428840816020966,0.0,0.0
0,14,8,P->X,0.08237416297197342,0.08237416297197342,0.0,0.0
0,14,8,R1->P,0.1516082988065832,0.1518084582160501,0.00020015940946691013,0.0013202404554533444
0,14,8,R1->R1,0.7562782063203699,0.7559485154993394,0.00032969082103051495,0.00043593854520098833
0,14,8,R1->S,0.1029050490435432,0.10352573675267837,0.0006206877091351759,0.0060316545680138434
0,14,8,R1->X,0.024054621948915368,0.024096902678994572,4.228073007920413e-05,0.001757696719116826
0,14,8,S->P,0.14254390492158778,0.14254390492158778,0.0,0.0
0,14,8,S->R1,0.09286386125227984,0.09286386125227984,0.0,0.0
0,14,8,S->S,0.72546526964973,0.72546526964973,0.0,0.0
0,14,8,S->X,0.0680241444531609,0.0680241444531609,0.0,0.0
0,14,8,X->P,0.5829975605010986,0.5829975605010986,0.0,0.0
0,14,8,X->R1,0.06366237998008728,0.06366237998008728,0.0,0.0
0,14,8,X->S,0.08762617409229279,0.08762617409229279,0.0,0.0
0,14,8,X->X,0.2880283296108246,0.2880283296108246,0.0,0.0
0,14,12,P->P,0.11475168168544769,0.11475168168544769,0.0,0.0
0,14,12,P->R1,0.5868740677833557,0.5868740677833557,0.0,0.0
0,14,12,P->S,0.2867712378501892,0.2867712378501892,0.0,0.0
0,14,12,P->X,0.025470547378063202,0.025470547378063202,0.0,0.0
0,14,12,R1->P,0.11846999561085421,0.11833729463465073,0.00013270097620347865,0.0011201230785841323
0,14,12,R1->R1,0.7829236423268038,0.7832363914040958,0.0003127490772920627,0.0003994630643195172
0,14,12,R1->S,0.07159131414750043,0.07299960360807531,0.001408289460574877,0.019671233547597148
0,14,12,R1->X,0.06684654600480024,0.06670365614049575,0.00014288986430448236,0.0021375803664443853
0,14,12,S->P,0.20717274441438563,0.20717274441438563,0.0,0.0
0,14,12,S->R1,0.22853786805096796,0.22853786805096796,0.0,0.0
0,14,12,S->S,0.5186386108398438,0.5186386108398438,0.0,0.0
0,14,12,S->X,0.09564016847049489,0.09564016847049489,0.0,0.0
0,14,12,X->P,0.007613806985318661,0.007613806985318661,0.0,0.0
0,14,12,X->R1,0.6585476398468018,0.6585476398468018,0.0,0.0
0,14,12,X->S,0.3601759076118469,0.3601759076118469,0.0,0.0
0,14,12,X->X,0.00658518448472023,0.00658518448472023,0.0,0.0
0,14,16,P->P,0.7415622472763062,0.7415622472763062,0.0,0.0
0,14,16,P->R1,0.04610004276037216,0.04610004276037216,0.0,0.0
0,14,16,P->S,0.09994946420192719,0.09994946420192719,0.0,0.0
0,14,16,P->X,0.12257320433855057,0.12257320433855057,0.0,0.0
0,14,16,R1->P,0.5812254513011259,0.5815982257618624,0.00037277446073646914,0.000641359492950592
0,14,16,R1->R1,0.1177838690140668,0.11836467069738052,0.000580801683313717,0.004931080021189934
0,14,16,R1->S,0.11207031502443202,0.11199995349435245,7.036153007956847e-05,0.0006278337851038362
0,14,16,R1->X,0.2073699726777918,0.20653389481937184,0.0008360778584199646,0.004031817372706362
0,14,16,S->P,0.4166869556202608,0.4166869556202608,0.0,0.0
0,14,16,S->R1,0.020076804301318002,0.020076804301318002,0.0,0.0
0,14,16,S->S,0.4929654738482307,0.4929654738482307,0.0,0.0
0,14,16,S->X,0.09351285766152774,0.09351285766152774,0.0,0.0
0,14,16,X->P,0.6899304986000061,0.6899304986000061,0.0,0.0
0,14,16,X->R1,0.015597709454596043,0.015597709454596043,0.0,0.0
0,14,16,X->S,0.07805090397596359,0.07805090397596359,0.0,0.0
0,14,16,X->X,0.24852913618087769,0.24852913618087769,0.0,0.0
0,14,20,P->P,0.9420837759971619,0.9420837759971619,0.0,0.0
0,14,20,P->R1,0.01978432573378086,0.01978432573378086,0.0,0.0
0,14,20,P->S,0.020280156284570694,0.020280156284570694,0.0,0.0
0,14,20,P->X,0.019353067502379417,0.019353067502379417,0.0,0.0
0,14,20,R1->P,0.5575092540067785,0.5566009072696462,0.0009083467371323595,0.0016292944567361661
0,14,20,R1->R1,0.19150055156034582,0.19275177226347082,0.001251220703125,0.0065337707538179815
0,14,20,R1->S,0.059488899567547965,0.059458171620088464,3.072794745950097e-05,0.0005165324570277225
0,14,20,R1->X,0.20949609139386347,0.20924628482145421,0.0002498065724092502,0.0011924163870895373
0,14,20,S->P,0.537929983700023,0.537929983700023,0.0,0.0
0,14,20,S->R1,0.07619763823116527,0.07619763823116527,0.0,0.0
0,14,20,S->S,0.232912119697122,0.232912119697122,0.0,0.0
0,14,20,S->X,0.1776556828442742,0.1776556828442742,0.0,0.0
0,14,20,X->P,0.8364071846008301,0.8364071846008301,0.0,0.0
0,14,20,X->R1,0.013986741192638874,0.013986741192638874,0.0,0.0
0,14,20,X->S,0.011911730282008648,0.011911730282008648,0.0,0.0
0,14,20,X->X,0.1420806646347046,0.1420806646347046,0.0,0.0
0,24,0,P->P,0.04918200150132179,0.04918200150132179,0.0,0.0
0,24,0,P->R1,0.18168555200099945,0.18168555200099945,0.0,0.0
0,24,0,P->S,0.4624209403991699,0.4624209403991699,0.0,0.0
0,24,0,P->X,0.32996073365211487,0.32996073365211487,0.0,0.0
0,24,0,R1->P,0.004430111278505886,0.004421683357042425,8.427921463461177e-06,0.0019024175542388644
0,24,0,R1->R1,0.41614608203663545,0.4174695295446059,0.0013234475079704766,0.003180247430165561
0,24,0,R1->S,0.1322477004107307,0.1310277826645795,0.0012199177461511834,0.00922449118103681
0,24,0,R1->X,0.5194207359762752,0.518213664784151,0.001207071192124265,0.0023238794844328246
0,24,0,S->P,0.0020717691410990324,0.0020717691410990324,0.0,0.0
0,24,0,S->R1,0.17188515382654526,0.17188515382654526,0.0,0.0
0,24,0,S->S,0.6641836166381836,0.6641836166381836,0.0,0.0
0,24,0,S->X,0.25607745787676645,0.25607745787676645,0.0,0.0
0,24,0,X->P,0.02125188522040844,0.02125188522040844,0.0,0.0
0,24,0,X->R1,0.07193294912576675,0.07193294912576675,0.0,0.0
0,24,0,X->S,0.06790351867675781,0.06790351867675781,0.0,0.0
0,24,0,X->X,0.8920844793319702,0.8920844793319702,0.0,0.0
0,24,4,P->P,0.29325175285339355,0.29325175285339355,0.0,0.0
0,24,4,P->R1,0.27567484974861145,0.27567484974861145,0.0,0.0
0,24,4,P->S,0.19316044449806213,0.19316044449806213,0.0,0.0
0,24,4,P->X,0.2838607430458069,0.2838607430458069,0.0,0.0
0,24,4,R1->P,0.008167468449648689,0.00815560800187728,1.1860447771409183e-05,0.0014521571579403337
0,24,4,R1->R1,0.38704586029052734,0.3888543072868796,0.001808446996352242,0.00467243596145111
0,24,4,R1->S,0.23022693746230183,0.22725054797004252,0.0029763894922593126,0.012928067953588954
0,24,4,R1->X,0.4276305366964901,0.42603450662949505,0.0015960300669950467,0.003732264022407328
0,24,4,S->P,0.007952382459360011,0.007952382459360011,0.0,0.0
0,24,4,S->R1,0.26001377666697784,0.26001377666697784,0.0,0.0
0,24,4,S->S,0.5726520313936121,0.5726520313936121,0.0,0.0
0,24,4,S->X,0.21381014936110554,0.21381014936110554,0.0,0.0
0,24,4,X->P,0.12945792078971863,0.12945792078971863,0.0,0.0
0,24,4,X->R1,0.24750222265720367,0.24750222265720367,0.0,0.0
0,24,4,X->S,0.07039324939250946,0.07039324939250946,0.0,0.0
0,24,4,X->X,0.5859398245811462,0.5859398245811462,0.0,0.0
0,24,8,P->P,0.13510078191757202,0.13510078191757202,0.0,0.0
0,24,8,P->R1,0.14686673879623413,0.14686673879623413,0.0,0.0
0,24,8,P->S,0.11599111557006836,0.11599111557006836,0.0,0.0
0,24,8,P->X,0.6464420557022095,0.6464420557022095,0.0,0.0
0,24,8,R1->P,0.37306984733132753,0.3735373160418342,0.00046746871050667993,0.0012530326796727576
0,24,8,R1->R1,0.06926516925587374,0.06847071647644043,0.0007944527794333106,0.01146972985077836
0,24,8,R1->S,0.08431839942932129,0.08394287614261403,0.00037552328670725776,0.004453633954734101
0,24,8,R1->X,0.5022859012379366,0.5031276590683881,0.0008417578304514839,0.0016758539874937419
0,24,8,S->P,0.23357859779806697,0.23357859779806697,0.0,0.0
0,24,8,S->R1,0.17705235761754654,0.17705235761754654,0.0,0.0
0,24,8,S->S,0.31987930746639476,0.31987930746639476,0.0,0.0
0,24,8,S->X,0.3013628230375402,0.3013628230375402,0.0,0.0
0,24,8,X->P,0.3272337019443512,0.3272337019443512,0.0,0.0
0,24,8,X->R1,0.010249581187963486,0.010249581187963486,0.0,0.0
0,24,8,X->S,0.03682020306587219,0.03682020306587219,0.0,0.0
0,24,8,X->X,0.6553909778594971,0.6553909778594971,0.0,0.0
0,24,12,P->P,0.20320168137550354,0.20320168137550354,0.0,0.0
0,24,12,P->R1,0.07048904895782471,0.07048904895782471,0.0,0.0
0,24,12,P->S,0.05273933336138725,0.05273933336138725,0.0,0.0
0,24,12,P->X,0.7016718983650208,0.7016718983650208,0.0,0.0
0,24,12,R1->P,0.05418674034230849,0.054246723651885986,5.998330957749515e-05,0.0011069739423070768
0,24,12,R1->R1,0.4063803167904125,0.40633148305556355,4.883373484892983e-05,0.00012016756922337716
0,24,12,R1->S,0.09113722689011518,0.09099027689765482,0.00014694999246035734,0.0016124035970233768
0,24,12,R1->X,0.49857448129092946,0.4987565208883846,0.00018203959745516363,0.00036512016616618495
0,24,12,S->P,0.058497116846196795,0.058497116846196795,0.0,0.0
0,24,12,S->R1,0.3671871634090648,0.3671871634090648,0.0,0.0
0,24,12,S->S,0.24762608023250804,0.24762608023250804,0.0,0.0
0,24,12,S->X,0.3798848039963666,0.3798848039963666,0.0,0.0
0,24,12,X->P,0.062366243451833725,0.062366243451833725,0.0,0.0
0,24,12,X->R1,0.04567909240722656,0.04567909240722656,0.0,0.0
0,24,12,X->S,0.06443660706281662,0.06443660706281662,0.0,0.0
0,24,12,X->X,0.8810593485832214,0.8810593485832214,0.0,0.0
0,24,16,P->P,0.04634847119450569,0.04634847119450569,0.0,0.0
0,24,16,P->R1,0.3241403102874756,0.3241403102874756,0.0,0.0
0,24,16,P->S,0.22127872705459595,0.22127872705459595,0.0,0.0
0,24,16,P->X,0.4231005311012268,0.4231005311012268,0.0,0.0
0,24,16,R1->P,0.0016768266830374213,0.0016862018143429475,9.375131305526183e-06,0.00559099601668073
0,24,16,R1->R1,0.3949323541977826,0.39481449127197266,0.00011786292580995283,0.0002984382630523275
0,24,16,R1->S,0.13353636685539694,0.13341951370239258,0.00011685315300435928,0.0008750661393303932
0,24,16,R1->X,0.5428819095387178,0.5432199590346393,0.00033804949592142197,0.0006226943465636196
0,24,16,S->P,0.0003929909811738659,0.0003929909811738659,0.0,0.0
0,24,16,S->R1,0.06342819157768698,0.06342819157768698,0.0,0.0
0,24,16,S->S,0.6230988782994887,0.6230988782994887,0.0,0.0
0,24,16,S->X,0.397702974431655,0.397702974431655,0.0,0.0
0,24,16,X->P,0.019116003066301346,0.019116003066301346,0.0,0.0
0,24,16,X->R1,0.05687527358531952,0.05687527358531952,0.0,0.0
0,24,16,X->S,0.05034947022795677,0.05034947022795677,0.0,0.0
0,24,16,X->X,0.9167219996452332,0.9167219996452332,0.0,0.0
0,24,20,P->P,0.22498998045921326,0.22498998045921326,0.0,0.0
0,24,20,P->R1,0.17161346971988678,0.17161346971988678,0.0,0.0
0,24,20,P->S,0.3129199743270874,0.3129199743270874,0.0,0.0
0,24,20,P->X,0.3239918351173401,0.3239918351173401,0.0,0.0
0,24,20,R1->P,0.05284466112361235,0.054239932228537166,0.0013952711049248154,0.02640325579269109
0,24,20,R1->R1,0.17938153883990118,0.17798841700834386,0.0013931218315573202,0.007766249752159209
0,24,20,R1->S,0.13579318102668314,0.13369046940523036,0.0021027116214527852,0.0154846628199954
0,24,20,R1->X,0.6895398532643038,0.6896742091459387,0.00013435588163490664,0.000194848609545716
0,24,20,S->P,0.06181029712452608,0.06181029712452608,0.0,0.0
0,24,20,S->R1,0.2184482181773466,0.2184482181773466,0.0,0.0
0,24,20,S->S,0.37409816068761487,0.37409816068761487,0.0,0.0
0,24,20,S->X,0.3948662140790154,0.3948662140790154,0.0,0.0
0,24,20,X->P,0.3449668884277344,0.3449668884277344,0.0,0.0
0,24,20,X->R1,0.0805625319480896,0.0805625319480896,0.0,0.0
0,24,20,X->S,0.16137515008449554,0.16137515008449554,0.0,0.0
0,24,20,X->X,0.4394661784172058,0.4394661784172058,0.0,0.0
14,0,0,P->P,0.25369390845298767,0.25369390845298767,0.0,0.0
14,0,0,P->R1,0.030051661655306816,0.030051661655306816,0.0,0.0
14,0,0,P->S,0.0853758156299591,0.0853758156299591,0.0,0.0
14,0,0,P->X,0.6565268039703369,0.6565268039703369,0.0,0.0
14,0,0,R1->P,0.29192054972929116,0.2923113598543055,0.0003908101250143514,0.0013387551009230569
14,0,0,R1->R1,0.34478266098920035,0.3444158610175638,0.00036679997163657774,0.001063858520565415
14,0,0,R1->S,0.15855815831352682,0.16017860524794636,0.0016204469344195394,0.010219889986457396
14,0,0,R1->X,0.24265718460083008,0.2429832290200626,0.00032604441923253513,0.0013436421417683416
14,0,0,S->P,0.40591007120469036,0.40591007120469036,0.0,0.0
14,0,0,S->R1,0.023799079305985394,0.023799079305985394,0.0,0.0
14,0,0,S->S,0.3649168575511259,0.3649168575511259,0.0,0.0
14,0,0,S->X,0.2501702589147231,0.2501702589147231,0.0,0.0
14,0,0,X->P,0.11377280950546265,0.11377280950546265,0.0,0.0
14,0,0,X->R1,0.010285858996212482,0.010285858996212482,0.0,0.0
14,0,0,X->S,0.044339619576931,0.044339619576931,0.0,0.0
14,0,0,X->X,0.8606745004653931,0.8606745004653931,0.0,0.0
14,0,4,P->P,0.3036944568157196,0.3036944568157196,0.0,0.0
14,0,4,P->R1,0.11868567764759064,0.11868567764759064,0.0,0.0
14,0,4,P->S,0.11902350187301636,0.11902350187301636,0.0,0.0
14,0,4,P->X,0.4790523052215576,0.4790523052215576,0.0,0.0
14,0,4,R1->P,0.0705046303132001,0.07110029108384076,0.0005956607706406603,0.008448534060735848
14,0,4,R1->R1,0.6358024372774012,0.6350655836217544,0.0007368536556467964,0.0011589349339428633
14,0,4,R1->S,0.1393607924966251,0.1389305170844583,0.0004302754121668084,0.0030874925756268815
14,0,4,R1->X,0.20085904177497416,0.20088725931504192,2.8217540067765334e-05,0.00014048429096549176
14,0,4,S->P,0.12068951831144445,0.12068951831144445,0.0,0.0
14,0,4,S->R1,0.1091991662979126,0.1091991662979126,0.0,0.0
14,0,4,S->S,0.7055315129897174,0.7055315129897174,0.0,0.0
14,0,4,S->X,0.137545249041389,0.137545249041389,0.0,0.0
14,0,4,X->P,0.10859756171703339,0.10859756171703339,0.0,0.0
14,0,4,X->R1,0.04255871847271919,0.04255871847271919,0.0,0.0
14,0,4,X->S,0.15222109854221344,0.15222109854221344,0.0,0.0
14,0,4,X->X,0.8085629940032959,0.8085629940032959,0.0,0.0
14,0,8,P->P,0.1719307154417038,0.1719307154417038,0.0,0.0
14,0,8,P->R1,0.04723729193210602,0.04723729193210602,0.0,0.0
14,0,8,P->S,0.11510030925273895,0.11510030925273895,0.0,0.0
14,0,8,P->X,0.6949701905250549,0.6949701905250549,0.0,0.0
14,0,8,R1->P,0.104156634386848,0.10931162273182589,0.005154988344977893,0.049492654743736805
14,0,8,R1->R1,0.7500259175020105,0.7455239015467027,0.004502015955307859,0.006002480514676068
14,0,8,R1->S,0.09066686209510355,0.08876330712262322,0.0019035549724803341,0.02099504635424165
14,0,8,R1->X,0.09301954157212201,0.09204560868880328,0.0009739328833187344,0.010470196550728028
14,0,8,S->P,0.25530489753274355,0.25530489753274355,0.0,0.0
14,0,8,S->R1,0.053047642988317156,0.053047642988317156,0.0,0.0
14,0,8,S->S,0.6671950396369485,0.6671950396369485,0.0,0.0
14,0,8,S->X,0.10106834944556742,0.10106834944556742,0.0,0.0
14,0,8,X->P,0.03720482066273689,0.03720482066273689,0.0,0.0
14,0,8,X->R1,0.010207489132881165,0.010207489132881165,0.0,0.0
14,0,8,X->S,0.07093939185142517,0.07093939185142517,0.0,0.0
14,0,8,X->X,0.9385365843772888,0.9385365843772888,0.0,0.0
14,0,12,P->P,0.722279965877533,0.722279965877533,0.0,0.0
14,0,12,P->R1,0.05910526216030121,0.05910526216030121,0.0,0.0
14,0,12,P->S,0.06994285434484482,0.06994285434484482,0.0,0.0
14,0,12,P->X,0.15843257308006287,0.15843257308006287,0.0,0.0
14,0,12,R1->P,0.0003968188813065781,0.0003999276360606446,3.1087547540664673e-06,0.007834190610664708
14,0,12,R1->R1,0.7653207778930664,0.7654698315788718,0.00014905368580542255,0.00019475975317927264
14,0,12,R1->S,0.16254988838644588,0.16265483463511748,0.00010494624867160574,0.0006456248583948988
14,0,12,R1->X,0.13797342076021082,0.13785266876220703,0.00012075199800379299,0.0008751830413312171
14,0,12,S->P,0.000721941318582086,0.000721941318582086,0.0,0.0
14,0,12,S->R1,0.0646817263434915,0.0646817263434915,0.0,0.0
14,0,12,S->S,0.8243401471306296,0.8243401471306296,0.0,0.0
14,0,12,S->X,0.21665850807638729,0.21665850807638729,0.0,0.0
14,0,12,X->P,0.001239940756931901,0.001239940756931901,0.0,0.0
14,0,12,X->R1,0.010423210449516773,0.010423210449516773,0.0,0.0
14,0,12,X->S,0.07489670813083649,0.07489670813083649,0.0,0.0
14,0,12,X->X,0.9708589911460876,0.9708589911460876,0.0,0.0
14,0,16,P->P,0.1101837307214737,0.1101837307214737,0.0,0.0
14,0,16,P->R1,0.0633569210767746,0.0633569210767746,0.0,0.0
14,0,16,P->S,0.07384415715932846,0.07384415715932846,0.0,0.0
14,0,16,P->X,0.7770217657089233,0.7770217657089233,0.0,0.0
14,0,16,R1->P,0.2888195374432732,0.2932674183565028,0.004447880913229563,0.015400207868912493
14,0,16,R1->R1,0.592776803409352,0.5887097751393038,0.004067028270048234,0.00686097743139871
14,0,16,R1->S,0.05936560210059671,0.05874378540936638,0.0006218166912303272,0.010474360054104076
14,0,16,R1->X,0.07898170106551226,0.07855436381171732,0.00042733725379494325,0.005410585591724386
14,0,16,S->P,0.41930052813361673,0.41930052813361673,0.0,0.0
14,0,16,S->R1,0.04558495563619277,0.04558495563619277,0.0,0.0
14,0,16,S->S,0.5082675709443933,0.5082675709443933,0.0,0.0
14,0,16,S->X,0.08204544291776769,0.08204544291776769,0.0,0.0
14,0,16,X->P,0.07265504449605942,0.07265504449605942,0.0,0.0
14,0,16,X->R1,0.014222893863916397,0.014222893863916397,0.0,0.0
14,0,16,X->S,0.08856596797704697,0.08856596797704697,0.0,0.0
14,0,16,X->X,0.8970537185668945,0.8970537185668945,0.0,0.0
14,0,20,P->P,0.5912683606147766,0.5912683606147766,0.0,0.0
14,0,20,P->R1,0.05639028549194336,0.05639028549194336,0.0,0.0
14,0,20,P->S,0.0864403173327446,0.0864403173327446,0.0,0.0
14,0,20,P->X,0.286040723323822,0.286040723323822,0.0,0.0
14,0,20,R1->P,0.007554051630637225,0.007554014816003687,3.681463353784331e-08,4.873495090837471e-06
14,0,20,R1->R1,0.8586181191837087,0.8588248982149012,0.0002067790311924833,0.00024082770509090685
14,0,20,R1->S,0.1253535046296961,0.12589315807118134,0.0005396534414852383,0.00430505268344444
14,0,20,R1->X,0.06229479172650505,0.06230522604549632,1.0434318991267566e-05,0.00016749905894344606
14,0,20,S->P,0.018483393332537484,0.018483393332537484,0.0,0.0
14,0,20,S->R1,0.04384195804595947,0.04384195804595947,0.0,0.0
14,0,20,S->S,0.8599585364846623,0.8599585364846623,0.0,0.0
14,0,20,S->X,0.15939702707178452,0.15939702707178452,0.0,0.0
14,0,20,X->P,0.015120375901460648,0.015120375901460648,0.0,0.0
14,0,20,X->R1,0.01018679141998291,0.01018679141998291,0.0,0.0
14,0,20,X->S,0.05155477672815323,0.05155477672815323,0.0,0.0
14,0,20,X->X,0.9642939567565918,0.9642939567565918,0.0,0.0
14,4,0,P->P,0.8465749025344849,0.8465749025344849,0.0,0.0
14,4,0,P->R1,0.0326407216489315,0.0326407216489315,0.0,0.0
14,4,0,P->S,0.036561936140060425,0.036561936140060425,0.0,0.0
14,4,0,P->X,0.08790652453899384,0.08790652453899384,0.0,0.0
14,4,0,R1->P,0.0005155085750362452,0.000514069791225826,1.4387838104192203e-06,0.0027909987924411538
14,4,0,R1->R1,0.9218457726871266,0.9217539394603056,9.183322682104755e-05,9.961886200699175e-05
14,4,0,R1->S,0.08291468199561625,0.08346827591166776,0.0005535939160515174,0.006676669351283121
14,4,0,R1->X,0.048497606726253736,0.04860400802948896,0.00010640130323522068,0.0021939495661261427
14,4,0,S->P,0.0031854977064272936,0.0031854977064272936,0.0,0.0
14,4,0,S->R1,0.08819009275997386,0.08819009275997386,0.0,0.0
14,4,0,S->S,0.9271765316233915,0.9271765316233915,0.0,0.0
14,4,0,S->X,0.08663366121404312,0.08663366121404312,0.0,0.0
14,4,0,X->P,0.06874068081378937,0.06874068081378937,0.0,0.0
14,4,0,X->R1,0.11436103284358978,0.11436103284358978,0.0,0.0
14,4,0,X->S,0.10610316693782806,0.10610316693782806,0.0,0.0
14,4,0,X->X,0.7607200145721436,0.7607200145721436,0.0,0.0
14,4,4,P->P,0.9641696214675903,0.9641696214675903,0.0,0.0
14,4,4,P->R1,0.011733605526387691,0.011733605526387691,0.0,0.0
14,4,4,P->S,0.007434171624481678,0.007434171624481678,0.0,0.0
14,4,4,P->X,0.017575012519955635,0.017575012519955635,0.0,0.0
14,4,4,R1->P,0.02331287895931917,0.0240441034821903,0.0007312245228711274,0.03136568950351905
14,4,4,R1->R1,0.936981481664321,0.9359996459063362,0.000981835757984828,0.0010478710382203437
14,4,4,R1->S,0.052463058163137996,0.052704418406767005,0.00024136024362900882,0.004600575187181811
14,4,4,R1->X,0.031639968647676354,0.03185311135123758,0.00021314270356122267,0.0067365017309167245
14,4,4,S->P,0.03560950475580552,0.03560950475580552,0.0,0.0
14,4,4,S->R1,0.12785772716297822,0.12785772716297822,0.0,0.0
14,4,4,S->S,0.8494719337014591,0.8494719337014591,0.0,0.0
14,4,4,S->X,0.04270627218134263,0.04270627218134263,0.0,0.0
14,4,4,X->P,0.009118614718317986,0.009118614718317986,0.0,0.0
14,4,4,X->R1,0.6366667151451111,0.6366667151451111,0.0,0.0
14,4,4,X->S,0.2819046378135681,0.2819046378135681,0.0,0.0
14,4,4,X->X,0.08992570638656616,0.08992570638656616,0.0,0.0
14,4,8,P->P,0.9198586940765381,0.9198586940765381,0.0,0.0
14,4,8,P->R1,0.02002856694161892,0.02002856694161892,0.0,0.0
14,4,8,P->S,0.02595345303416252,0.02595345303416252,0.0,0.0
14,4,8,P->X,0.041141338646411896,0.041141338646411896,0.0,0.0
14,4,8,R1->P,0.010319461717325099,0.010322772404726814,3.3106874017148347e-06,0.00032081977649634576
14,4,8,R1->R1,0.9051182129803825,0.9057269376866958,0.000608724706313235,0.000672536136808937
14,4,8,R1->S,0.09481174805585076,0.09501492977142334,0.00020318171557258402,0.0021430014712195346
14,4,8,R1->X,0.03566575751585119,0.03537469751694623,0.00029105999890495504,0.008160768736668418
14,4,8,S->P,0.01680470915401683,0.01680470915401683,0.0,0.0
14,4,8,S->R1,0.044571329565609205,0.044571329565609205,0.0,0.0
14,4,8,S->S,0.9237232208251953,0.9237232208251953,0.0,0.0
14,4,8,S->X,0.0827786221223719,0.0827786221223719,0.0,0.0
14,4,8,X->P,0.027462352067232132,0.027462352067232132,0.0,0.0
14,4,8,X->R1,0.03642508387565613,0.03642508387565613,0.0,0.0
14,4,8,X->S,0.04948270320892334,0.04948270320892334,0.0,0.0
14,4,8,X->X,0.9162458181381226,0.9162458181381226,0.0,0.0
14,4,12,P->P,0.82880699634552,0.82880699634552,0.0,0.0
14,4,12,P->R1,0.030464883893728256,0.030464883893728256,0.0,0.0
14,4,12,P->S,0.019123543053865433,0.019123543053865433,0.0,0.0
14,4,12,P->X,0.12788496911525726,0.12788496911525726,0.0,0.0
14,4,12,R1->P,0.00027922017718939223,0.0002781906000831548,1.0295771062374115e-06,0.003687330609847224
14,4,12,R1->R1,0.9426175285788143,0.9428087122300092,0.00019118365119485947,0.00020282208361126843
14,4,12,R1->S,0.08522591871373794,0.08486418163075167,0.0003617370829862715,0.004244449205661206
14,4,12,R1->X,0.03243926342795877,0.03231769800186157,0.00012156542609719628,0.0037474780019949964
14,4,12,S->P,0.0042449766222168415,0.0042449766222168415,0.0,0.0
14,4,12,S->R1,0.08135344000423655,0.08135344000423655,0.0,0.0
14,4,12,S->S,0.9454694635727826,0.9454694635727826,0.0,0.0
14,4,12,S->X,0.07751251669491038,0.07751251669491038,0.0,0.0
14,4,12,X->P,0.10955670475959778,0.10955670475959778,0.0,0.0
14,4,12,X->R1,0.05047670006752014,0.05047670006752014,0.0,0.0
14,4,12,X->S,0.0714418888092041,0.0714418888092041,0.0,0.0
14,4,12,X->X,0.8179078102111816,0.8179078102111816,0.0,0.0
14,4,16,P->P,0.9123944640159607,0.9123944640159607,0.0,0.0
14,4,16,P->R1,0.011107237078249454,0.011107237078249454,0.0,0.0
14,4,16,P->S,0.011798533610999584,0.011798533610999584,0.0,0.0
14,4,16,P->X,0.06714971363544464,0.06714971363544464,0.0,0.0
14,4,16,R1->P,0.00428335543941049,0.004946632858584909,0.0006632774191744194,0.15484996016714062
14,4,16,R1->R1,0.9268500384162454,0.9254412931554458,0.0014087452607995932,0.0015199279305277756
14,4,16,R1->S,0.06646901719710406,0.06702465169570025,0.0005556344985961914,0.0083593006490308
14,4,16,R1->X,0.04925819004283232,0.050000131130218506,0.0007419410873861845,0.015062288864877734
14,4,16,S->P,0.012762061813298394,0.012762061813298394,0.0,0.0
14,4,16,S->R1,0.09542267462786506,0.09542267462786506,0.0,0.0
14,4,16,S->S,0.9360891229966107,0.9360891229966107,0.0,0.0
14,4,16,S->X,0.05901946039760814,0.05901946039760814,0.0,0.0
14,4,16,X->P,0.07737758755683899,0.07737758755683899,0.0,0.0
14,4,16,X->R1,0.05654839426279068,0.05654839426279068,0.0,0.0
14,4,16,X->S,0.08938366919755936,0.08938366919755936,0.0,0.0
14,4,16,X->X,0.836489200592041,0.836489200592041,0.0,0.0
14,4,20,P->P,0.9553408622741699,0.9553408622741699,0.0,0.0
14,4,20,P->R1,0.009175472892820835,0.009175472892820835,0.0,0.0
14,4,20,P->S,0.009960224851965904,0.009960224851965904,0.0,0.0
14,4,20,P->X,0.027113815769553185,0.027113815769553185,0.0,0.0
14,4,20,R1->P,0.053891231031978834,0.054626187857459575,0.0007349568254807412,0.013637781349708283
14,4,20,R1->R1,0.8459795783547794,0.8459974176743451,1.7839319565671197e-05,2.1087175177873977e-05
14,4,20,R1->S,0.08792254504035502,0.08784681909224566,7.572594810935362e-05,0.0008612802106057855
14,4,20,R1->X,0.05961505805744844,0.058899605975431556,0.0007154520820168847,0.012001197437859318
14,4,20,S->P,0.06111923386068905,0.06111923386068905,0.0,0.0
14,4,20,S->R1,0.05279726841870476,0.05279726841870476,0.0,0.0
14,4,20,S->S,0.8744699814740349,0.8744699814740349,0.0,0.0
14,4,20,S->X,0.07210082166335162,0.07210082166335162,0.0,0.0
14,4,20,X->P,0.2058851420879364,0.2058851420879364,0.0,0.0
14,4,20,X->R1,0.08382699638605118,0.08382699638605118,0.0,0.0
14,4,20,X->S,0.0633062869310379,0.0633062869310379,0.0,0.0
14,4,20,X->X,0.6731319427490234,0.6731319427490234,0.0,0.0
14,14,0,P->P,0.6957719922065735,0.6957719922065735,0.0,0.0
14,14,0,P->R1,0.004493317566812038,0.004493317566812038,0.0,0.0
14,14,0,P->S,0.023114360868930817,0.023114360868930817,0.0,0.0
14,14,0,P->X,0.2838497757911682,0.2838497757911682,0.0,0.0
14,14,0,R1->P,0.7767123054055607,0.7772167991189396,0.0005044937133789062,0.0006495245535159697
14,14,0,R1->R1,0.049775460187126606,0.049797408721026254,2.1948533899647515e-05,0.0004409508986382822
14,14,0,R1->S,0.05439981642891379,0.05421064881717458,0.00018916761173921187,0.0034773575382630937
14,14,0,R1->X,0.16533475763657512,0.16480448666740866,0.0005302709691664687,0.0032072564580284168
14,14,0,S->P,0.43288612365722656,0.43288612365722656,0.0,0.0
14,14,0,S->R1,0.026138617711908677,0.026138617711908677,0.0,0.0
14,14,0,S->S,0.45313400380751667,0.45313400380751667,0.0,0.0
14,14,0,S->X,0.13217540348277373,0.13217540348277373,0.0,0.0
14,14,0,X->P,0.4202898442745209,0.4202898442745209,0.0,0.0
14,14,0,X->R1,0.0006760346004739404,0.0006760346004739404,0.0,0.0
14,14,0,X->S,0.04111754521727562,0.04111754521727562,0.0,0.0
14,14,0,X->X,0.5701981782913208,0.5701981782913208,0.0,0.0
14,14,4,P->P,0.6581154465675354,0.6581154465675354,0.0,0.0
14,14,4,P->R1,0.11182092875242233,0.11182092875242233,0.0,0.0
14,14,4,P->S,0.13472311198711395,0.13472311198711395,0.0,0.0
14,14,4,P->X,0.10684844106435776,0.10684844106435776,0.0,0.0
14,14,4,R1->P,0.050865839509403,0.0514636285164777,0.0005977890070746963,0.011752268572392081
14,14,4,R1->R1,0.7286986743702608,0.7268048454733456,0.0018938288969152506,0.002598919091697116
14,14,4,R1->S,0.10848261328304515,0.10944625910590677,0.0009636458228616251,0.008882951780921324
14,14,4,R1->X,0.15045401629279642,0.1516259838553036,0.0011719675625071757,0.007789539896538397
14,14,4,S->P,0.09413235327776741,0.09413235327776741,0.0,0.0
14,14,4,S->R1,0.2647367926204906,0.2647367926204906,0.0,0.0
14,14,4,S->S,0.5604342292336857,0.5604342292336857,0.0,0.0
14,14,4,S->X,0.1504853332743925,0.1504853332743925,0.0,0.0
14,14,4,X->P,0.06840325891971588,0.06840325891971588,0.0,0.0
14,14,4,X->R1,0.21893881261348724,0.21893881261348724,0.0,0.0
14,14,4,X->S,0.13377991318702698,0.13377991318702698,0.0,0.0
14,14,4,X->X,0.6175407767295837,0.6175407767295837,0.0,0.0
14,14,8,P->P,0.5079644918441772,0.5079644918441772,0.0,0.0
14,14,8,P->R1,0.21730901300907135,0.21730901300907135,0.0,0.0
14,14,8,P->S,0.07774709910154343,0.07774709910154343,0.0,0.0
14,14,8,P->X,0.21324589848518372,0.21324589848518372,0.0,0.0
14,14,8,R1->P,0.18145329811993768,0.18024495068718405,0.001208347432753637,0.006659275115269269
14,14,8,R1->R1,0.7258494882022634,0.7269889607149012,0.0011394725126377958,0.0015698468224589741
14,14,8,R1->S,0.07269933644463034,0.07306812791263356,0.0003687914680032267,0.005072831280710625
14,14,8,R1->X,0.040667895008535945,0.0406649252947639,2.9697137720469113e-06,7.302354280750421e-05
14,14,8,S->P,0.14797491185805378,0.14797491185805378,0.0,0.0
14,14,8,S->R1,0.06956523306229535,0.06956523306229535,0.0,0.0
14,14,8,S->S,0.712737476124483,0.712737476124483,0.0,0.0
14,14,8,S->X,0.10057693369248334,0.10057693369248334,0.0,0.0
14,14,8,X->P,0.3631133437156677,0.3631133437156677,0.0,0.0
14,14,8,X->R1,0.05553774535655975,0.05553774535655975,0.0,0.0
14,14,8,X->S,0.08064304292201996,0.08064304292201996,0.0,0.0
14,14,8,X->X,0.5325262546539307,0.5325262546539307,0.0,0.0
14,14,12,P->P,0.28701913356781006,0.28701913356781006,0.0,0.0
14,14,12,P->R1,0.34190019965171814,0.34190019965171814,0.0,0.0
14,14,12,P->S,0.30616968870162964,0.30616968870162964,0.0,0.0
14,14,12,P->X,0.07666273415088654,0.07666273415088654,0.0,0.0
14,14,12,R1->P,0.1594722831950468,0.15956514021929571,9.285702424891018e-05,0.0005822768846630165
14,14,12,R1->R1,0.6752208260928884,0.6767897886388442,0.0015689625459558432,0.0023236287823563146
14,14,12,R1->S,0.0504678067039041,0.04945694699006922,0.001010859713834876,0.020029792849243788
14,14,12,R1->X,0.14423641036538518,0.14261447682100184,0.001621933544383336,0.011244966096109798
14,14,12,S->P,0.3044346360599293,0.3044346360599293,0.0,0.0
14,14,12,S->R1,0.1570587158203125,0.1570587158203125,0.0,0.0
14,14,12,S->S,0.3920277707716998,0.3920277707716998,0.0,0.0
14,14,12,S->X,0.1808455831864301,0.1808455831864301,0.0,0.0
14,14,12,X->P,0.031860437244176865,0.031860437244176865,0.0,0.0
14,14,12,X->R1,0.6986259818077087,0.6986259818077087,0.0,0.0
14,14,12,X->S,0.2803459167480469,0.2803459167480469,0.0,0.0
14,14,12,X->X,0.013975054956972599,0.013975054956972599,0.0,0.0
14,14,16,P->P,0.7219125032424927,0.7219125032424927,0.0,0.0
14,14,16,P->R1,0.016693679615855217,0.016693679615855217,0.0,0.0
14,14,16,P->S,0.031122514978051186,0.031122514978051186,0.0,0.0
14,14,16,P->X,0.234927237033844,0.234927237033844,0.0,0.0
14,14,16,R1->P,0.5502653682933134,0.5513525570140165,0.001087188720703125,0.001975753487949127
14,14,16,R1->R1,0.189589682747336,0.1889946320477654,0.0005950506995706095,0.0031386238478157418
14,14,16,R1->S,0.07666341697468478,0.07661860830643598,4.4808668248796923e-05,0.0005844856649631637
14,14,16,R1->X,0.20789467587190516,0.20745532652911017,0.0004393493427949924,0.002113326572469314
14,14,16,S->P,0.29523899975944967,0.29523899975944967,0.0,0.0
14,14,16,S->R1,0.04771983623504639,0.04771983623504639,0.0,0.0
14,14,16,S->S,0.5504872378181008,0.5504872378181008,0.0,0.0
14,14,16,S->X,0.1470332987168256,0.1470332987168256,0.0,0.0
14,14,16,X->P,0.5320614576339722,0.5320614576339722,0.0,0.0
14,14,16,X->R1,0.007601541932672262,0.007601541932672262,0.0,0.0
14,14,16,X->S,0.04204772040247917,0.04204772040247917,0.0,0.0
14,14,16,X->X,0.4419785439968109,0.4419785439968109,0.0,0.0
14,14,20,P->P,0.8946292996406555,0.8946292996406555,0.0,0.0
14,14,20,P->R1,0.016647132113575935,0.016647132113575935,0.0,0.0
14,14,20,P->S,0.02454553358256817,0.02454553358256817,0.0,0.0
14,14,20,P->X,0.06709054112434387,0.06709054112434387,0.0,0.0
14,14,20,R1->P,0.5857348722570083,0.5849739523494945,0.0007609199075138129,0.0012990858894601329
14,14,20,R1->R1,0.08972921090967514,0.09121088420643526,0.0014816732967601193,0.016512719567450877
14,14,20,R1->S,0.05429069785510793,0.05424931470085593,4.1383154251999066e-05,0.000762251285891429
14,14,20,R1->X,0.2938650916604435,0.29308582754696116,0.0007792641134823364,0.002651775034180527
14,14,20,S->P,0.5074066835291245,0.5074066835291245,0.0,0.0
14,14,20,S->R1,0.042811344651614916,0.042811344651614916,0.0,0.0
14,14,20,S->S,0.2262248712427476,0.2262248712427476,0.0,0.0
14,14,20,S->X,0.2527925827923943,0.2527925827923943,0.0,0.0
14,14,20,X->P,0.9348875880241394,0.9348875880241394,0.0,0.0
14,14,20,X->R1,0.005418150220066309,0.005418150220066309,0.0,0.0
14,14,20,X->S,0.008174953050911427,0.008174953050911427,0.0,0.0
14,14,20,X->X,0.053440652787685394,0.053440652787685394,0.0,0.0
14,24,0,P->P,0.061030738055706024,0.061030738055706024,0.0,0.0
14,24,0,P->R1,0.2709994316101074,0.2709994316101074,0.0,0.0
14,24,0,P->S,0.2820351719856262,0.2820351719856262,0.0,0.0
14,24,0,P->X,0.3993028700351715,0.3993028700351715,0.0,0.0
14,24,0,R1->P,0.008604047053000507,0.008807721383431378,0.00020367433043087108,0.023671921966052396
14,24,0,R1->R1,0.42121045729693246,0.4221176540150362,0.0009071967181037421,0.0021537848892108904
14,24,0,R1->S,0.11737141889684341,0.11642074584960938,0.0009506730472340352,0.008099698002880688
14,24,0,R1->X,0.5234530392815085,0.5223274791941923,0.0011255600873162352,0.0021502599141676178
14,24,0,S->P,0.004491033799508039,0.004491033799508039,0.0,0.0
14,24,0,S->R1,0.17502514053793514,0.17502514053793514,0.0,0.0
14,24,0,S->S,0.5408024507410386,0.5408024507410386,0.0,0.0
14,24,0,S->X,0.37394871431238513,0.37394871431238513,0.0,0.0
14,24,0,X->P,0.034051962196826935,0.034051962196826935,0.0,0.0
14,24,0,X->R1,0.035785697400569916,0.035785697400569916,0.0,0.0
14,24,0,X->S,0.06005528196692467,0.06005528196692467,0.0,0.0
14,24,0,X->X,0.9233187437057495,0.9233187437057495,0.0,0.0
14,24,4,P->P,0.5291455984115601,0.5291455984115601,0.0,0.0
14,24,4,P->R1,0.12621206045150757,0.12621206045150757,0.0,0.0
14,24,4,P->S,0.09927969425916672,0.09927969425916672,0.0,0.0
14,24,4,P->X,0.27172476053237915,0.27172476053237915,0.0,0.0
14,24,4,R1->P,0.011656011728679432,0.011733252335997188,7.72406073177561e-05,0.006626675497220616
14,24,4,R1->R1,0.4024399028104894,0.40363233229693246,0.0011924294864430474,0.0029630001352141445
14,24,4,R1->S,0.1968986847821404,0.1940574085011202,0.002841276281020211,0.014430143523629708
14,24,4,R1->X,0.43869742225198183,0.437742457670324,0.0009549645816578356,0.0021768183107976342
14,24,4,S->P,0.02160882774521323,0.02160882774521323,0.0,0.0
14,24,4,S->R1,0.25125663420733285,0.25125663420733285,0.0,0.0
14,24,4,S->S,0.5493732901180491,0.5493732901180491,0.0,0.0
14,24,4,S->X,0.23676692738252528,0.23676692738252528,0.0,0.0
14,24,4,X->P,0.31032711267471313,0.31032711267471313,0.0,0.0
14,24,4,X->R1,0.0848575159907341,0.0848575159907341,0.0,0.0
14,24,4,X->S,0.05442679300904274,0.05442679300904274,0.0,0.0
14,24,4,X->X,0.583228588104248,0.583228588104248,0.0,0.0
14,24,8,P->P,0.15031255781650543,0.15031255781650543,0.0,0.0
14,24,8,P->R1,0.11621791124343872,0.11621791124343872,0.0,0.0
14,24,8,P->S,0.11395034193992615,0.11395034193992615,0.0,0.0
14,24,8,P->X,0.6595481038093567,0.6595481038093567,0.0,0.0
14,24,8,R1->P,0.521116200615378,0.5223144082462087,0.0011982076308306722,0.0022993098840829117
14,24,8,R1->R1,0.08944094181060791,0.08826611322515152,0.0011748285854563945,0.013135243901435048
14,24,8,R1->S,0.13994623632992015,0.1388983305762796,0.0010479057536405545,0.0074879166537222186
14,24,8,R1->X,0.2754668628468233,0.2765171948601218,0.0010503320132984606,0.003812916016263308
14,24,8,S->P,0.22579358605777516,0.22579358605777516,0.0,0.0
14,24,8,S->R1,0.13948823423946605,0.13948823423946605,0.0,0.0
14,24,8,S->S,0.5259388755349552,0.5259388755349552,0.0,0.0
14,24,8,S->X,0.1491212564356187,0.1491212564356187,0.0,0.0
14,24,8,X->P,0.5482132434844971,0.5482132434844971,0.0,0.0
14,24,8,X->R1,0.007149927318096161,0.007149927318096161,0.0,0.0
14,24,8,X->S,0.029343439266085625,0.029343439266085625,0.0,0.0
14,24,8,X->X,0.4352772831916809,0.4352772831916809,0.0,0.0
14,24,12,P->P,0.16656014323234558,0.16656014323234558,0.0,0.0
14,24,12,P->R1,0.05670001357793808,0.05670001357793808,0.0,0.0
14,24,12,P->S,0.061222851276397705,0.061222851276397705,0.0,0.0
14,24,12,P->X,0.7488300800323486,0.7488300800323486,0.0,0.0
14,24,12,R1->P,0.06498437068041633,0.06491358841166776,7.078226874857041e-05,0.001089219884834575
14,24,12,R1->R1,0.3526923796709846,0.35271229463465076,1.9914963666156638e-05,5.646553431274775e-05
14,24,12,R1->S,0.1196904743418974,0.1199967440436868,0.00030626970178940227,0.0025588477568777852
14,24,12,R1->X,0.5198810801786535,0.5199753256405101,9.424546185654581e-05,0.00018128273070479697
14,24,12,S->P,0.07322895526885986,0.07322895526885986,0.0,0.0
14,24,12,S->R1,0.2677079369040096,0.2677079369040096,0.0,0.0
14,24,12,S->S,0.2793705884148093,0.2793705884148093,0.0,0.0
14,24,12,S->X,0.4398103882284725,0.4398103882284725,0.0,0.0
14,24,12,X->P,0.12224827706813812,0.12224827706813812,0.0,0.0
14,24,12,X->R1,0.018513889983296394,0.018513889983296394,0.0,0.0
14,24,12,X->S,0.05780414864420891,0.05780414864420891,0.0,0.0
14,24,12,X->X,0.8538174629211426,0.8538174629211426,0.0,0.0
14,24,16,P->P,0.056336529552936554,0.056336529552936554,0.0,0.0
14,24,16,P->R1,0.271145761013031,0.271145761013031,0.0,0.0
14,24,16,P->S,0.20325106382369995,0.20325106382369995,0.0,0.0
14,24,16,P->X,0.4918285012245178,0.4918285012245178,0.0,0.0
14,24,16,R1->P,0.00325293729410452,0.0032886111122720383,3.56738181675185e-05,0.01096664796833685
14,24,16,R1->R1,0.3281108070822323,0.32770782358506145,0.00040298349717082793,0.0012281933068721835
14,24,16,R1->S,0.11267876625061035,0.11314618587493896,0.0004674196243286133,0.004148249398551445
14,24,16,R1->X,0.6296486013075885,0.6300343345193302,0.00038573321174173447,0.0006126166419502624
14,24,16,S->P,0.0015045145855230443,0.0015045145855230443,0.0,0.0
14,24,16,S->R1,0.11196636452394373,0.11196636452394373,0.0,0.0
14,24,16,S->S,0.541936481700224,0.541936481700224,0.0,0.0
14,24,16,S->X,0.4254131036646226,0.4254131036646226,0.0,0.0
14,24,16,X->P,0.02457619272172451,0.02457619272172451,0.0,0.0
14,24,16,X->R1,0.02857115864753723,0.02857115864753723,0.0,0.0
14,24,16,X->S,0.04754476994276047,0.04754476994276047,0.0,0.0
14,24,16,X->X,0.9410824775695801,0.9410824775695801,0.0,0.0
14,24,20,P->P,0.3838600814342499,0.3838600814342499,0.0,0.0
14,24,20,P->R1,0.10435470938682556,0.10435470938682556,0.0,0.0
14,24,20,P->S,0.17733465135097504,0.17733465135097504,0.0,0.0
14,24,20,P->X,0.37834155559539795,0.37834155559539795,0.0,0.0
14,24,20,R1->P,0.11242563584271599,0.11393511295318604,0.001509477110470045,0.013426449396130708
14,24,20,R1->R1,0.1045216111575856,0.10382179652943331,0.0006998146281522871,0.006695406054324857
14,24,20,R1->S,0.06983615370357737,0.06769394173341639,0.0021422119701609843,0.030674827529214986
14,24,20,R1->X,0.7629831538480871,0.762199177461512,0.0007839763865751248,0.0010275146739756426
14,24,20,S->P,0.18791681177475872,0.18791681177475872,0.0,0.0
14,24,20,S->R1,0.11268763682421516,0.11268763682421516,0.0,0.0
14,24,20,S->S,0.148896105149213,0.148896105149213,0.0,0.0
14,24,20,S->X,0.5842369303983801,0.5842369303983801,0.0,0.0
14,24,20,X->P,0.6640726327896118,0.6640726327896118,0.0,0.0
14,24,20,X->R1,0.017776113003492355,0.017776113003492355,0.0,0.0
14,24,20,X->S,0.020766660571098328,0.020766660571098328,0.0,0.0
14,24,20,X->X,0.3080664277076721,0.3080664277076721,0.0,0.0
27,0,0,P->P,0.16841396689414978,0.16841396689414978,0.0,0.0
27,0,0,P->R1,0.04638073220849037,0.04638073220849037,0.0,0.0
27,0,0,P->S,0.08098655194044113,0.08098655194044113,0.0,0.0
27,0,0,P->X,0.7318296432495117,0.7318296432495117,0.0,0.0
27,0,0,R1->P,0.190519557279699,0.19082295193391688,0.0003033946542178867,0.001592459370312715
27,0,0,R1->R1,0.4597891919753131,0.45990615732529583,0.00011696534998273389,0.0002543890809617247
27,0,0,R1->S,0.1878967004663804,0.18823957443237305,0.00034287396599264053,0.001824800356480925
27,0,0,R1->X,0.21044855959275188,0.2102473483366125,0.00020121125613939417,0.0009561065969221495
27,0,0,S->P,0.2861494737512925,0.2861494737512925,0.0,0.0
27,0,0,S->R1,0.03953354498919319,0.03953354498919319,0.0,0.0
27,0,0,S->S,0.5091131434721106,0.5091131434721106,0.0,0.0
27,0,0,S->X,0.2230687702403349,0.2230687702403349,0.0,0.0
27,0,0,X->P,0.19506964087486267,0.19506964087486267,0.0,0.0
27,0,0,X->R1,0.02932105027139187,0.02932105027139187,0.0,0.0
27,0,0,X->S,0.06566669046878815,0.06566669046878815,0.0,0.0
27,0,0,X->X,0.7462363243103027,0.7462363243103027,0.0,0.0
27,0,4,P->P,0.24124695360660553,0.24124695360660553,0.0,0.0
27,0,4,P->R1,0.19318735599517822,0.19318735599517822,0.0,0.0
27,0,4,P->S,0.17588980495929718,0.17588980495929718,0.0,0.0
27,0,4,P->X,0.4140273928642273,0.4140273928642273,0.0,0.0
27,0,4,R1->P,0.05158824079176959,0.051777376848108625,0.00018913605633903707,0.0036662629590814024
27,0,4,R1->R1,0.6721598681281594,0.6713930017807904,0.0007668663473689996,0.0011408987411054162
27,0,4,R1->S,0.14646180938271916,0.14629707616918228,0.00016473321353688286,0.0011247520034824827
27,0,4,R1->X,0.17009900597965016,0.1704261302947998,0.0003271243151496406,0.0019231406630840404
27,0,4,S->P,0.08638155460357666,0.08638155460357666,0.0,0.0
27,0,4,S->R1,0.1422417163848877,0.1422417163848877,0.0,0.0
27,0,4,S->S,0.6947424271527458,0.6947424271527458,0.0,0.0
27,0,4,S->X,0.15725407880895279,0.15725407880895279,0.0,0.0
27,0,4,X->P,0.1249992623925209,0.1249992623925209,0.0,0.0
27,0,4,X->R1,0.11546064913272858,0.11546064913272858,0.0,0.0
27,0,4,X->S,0.15030018985271454,0.15030018985271454,0.0,0.0
27,0,4,X->X,0.6899536848068237,0.6899536848068237,0.0,0.0
27,0,8,P->P,0.15087741613388062,0.15087741613388062,0.0,0.0
27,0,8,P->R1,0.06455937027931213,0.06455937027931213,0.0,0.0
27,0,8,P->S,0.13016778230667114,0.13016778230667114,0.0,0.0
27,0,8,P->X,0.6885405778884888,0.6885405778884888,0.0,0.0
27,0,8,R1->P,0.018180631539400888,0.019935942748013663,0.0017553112086127753,0.09654841773833224
27,0,8,R1->R1,0.818172342637006,0.8158127279842601,0.0023596146527459227,0.002884006864789366
27,0,8,R1->S,0.11151332013747271,0.11037459092981675,0.0011387292076559669,0.010211598096551611
27,0,8,R1->X,0.10131772125468534,0.1012879119199865,2.9809334698843726e-05,0.0002942163950165354
27,0,8,S->P,0.04535413139006671,0.04535413139006671,0.0,0.0
27,0,8,S->R1,0.08278307493995218,0.08278307493995218,0.0,0.0
27,0,8,S->S,0.8473786185769474,0.8473786185769474,0.0,0.0
27,0,8,S->X,0.11061355646918802,0.11061355646918802,0.0,0.0
27,0,8,X->P,0.02163727395236492,0.02163727395236492,0.0,0.0
27,0,8,X->R1,0.04914431273937225,0.04914431273937225,0.0,0.0
27,0,8,X->S,0.09659212082624435,0.09659212082624435,0.0,0.0
27,0,8,X->X,0.8870350122451782,0.8870350122451782,0.0,0.0
27,0,12,P->P,0.6952548623085022,0.6952548623085022,0.0,0.0
27,0,12,P->R1,0.07235074043273926,0.07235074043273926,0.0,0.0
27,0,12,P->S,0.07198093086481094,0.07198093086481094,0.0,0.0
27,0,12,P->X,0.17182636260986328,0.17182636260986328,0.0,0.0
27,0,12,R1->P,8.037225480246194e-05,8.066315614782711e-05,2.9090134536517893e-07,0.0036194249630068626
27,0,12,R1->R1,0.835659475887523,0.8355542351217831,0.00010524076573992236,0.00012593738092678245
27,0,12,R1->S,0.1297469139099121,0.12987159280215993,0.00012467889224782036,0.0009609391737393411
27,0,12,R1->X,0.09874620858360739,0.09886586666107178,0.00011965807746439072,0.001211773891683927
27,0,12,S->P,0.00012224698987077265,0.00012224698987077265,0.0,0.0
27,0,12,S->R1,0.08107761775746065,0.08107761775746065,0.0,0.0
27,0,12,S->S,0.8939621308270622,0.8939621308270622,0.0,0.0
27,0,12,S->X,0.1326417502234964,0.1326417502234964,0.0,0.0
27,0,12,X->P,0.00033249324769712985,0.00033249324769712985,0.0,0.0
27,0,12,X->R1,0.04097229987382889,0.04097229987382889,0.0,0.0
27,0,12,X->S,0.09840074181556702,0.09840074181556702,0.0,0.0
27,0,12,X->X,0.9193967580795288,0.9193967580795288,0.0,0.0
27,0,16,P->P,0.09917883574962616,0.09917883574962616,0.0,0.0
27,0,16,P->R1,0.08044629544019699,0.08044629544019699,0.0,0.0
27,0,16,P->S,0.10115823149681091,0.10115823149681091,0.0,0.0
27,0,16,P->X,0.7501355409622192,0.7501355409622192,0.0,0.0
27,0,16,R1->P,0.14286954262677362,0.14765465960783117,0.004785116981057547,0.033492911736674236
27,0,16,R1->R1,0.7293714635512408,0.7248500375186696,0.0045214260325712186,0.006199071746729468
27,0,16,R1->S,0.078263661440681,0.07773691065171186,0.0005267507889691464,0.0067304644233695966
27,0,16,R1->X,0.07821335512049057,0.07776523337644689,0.00044812174404368355,0.005729478595482004
27,0,16,S->P,0.2026362138635972,0.2026362138635972,0.0,0.0
27,0,16,S->R1,0.07019796792198629,0.07019796792198629,0.0,0.0
27,0,16,S->S,0.7035617828369141,0.7035617828369141,0.0,0.0
27,0,16,S->X,0.08914668419781853,0.08914668419781853,0.0,0.0
27,0,16,X->P,0.10354634374380112,0.10354634374380112,0.0,0.0
27,0,16,X->R1,0.04280834645032883,0.04280834645032883,0.0,0.0
27,0,16,X->S,0.09444183856248856,0.09444183856248856,0.0,0.0
27,0,16,X->X,0.8190103769302368,0.8190103769302368,0.0,0.0
27,0,20,P->P,0.6156257390975952,0.6156257390975952,0.0,0.0
27,0,20,P->R1,0.05349857732653618,0.05349857732653618,0.0,0.0
27,0,20,P->S,0.07890541106462479,0.07890541106462479,0.0,0.0
27,0,20,P->X,0.27242958545684814,0.27242958545684814,0.0,0.0
27,0,20,R1->P,0.005764775854699752,0.005764742546221789,3.330847796276931e-08,5.77793114638004e-06
27,0,20,R1->R1,0.8532811333151424,0.8535367741304285,0.0002556408152860623,0.000299597407354894
27,0,20,R1->S,0.12940176795510686,0.12947161057416132,6.984261905446099e-05,0.0005397346586384459
27,0,20,R1->X,0.06448152486015768,0.06443016669329475,5.13581668629276e-05,0.0007964787894565
27,0,20,S->P,0.01283055982168983,0.01283055982168983,0.0,0.0
27,0,20,S->R1,0.061345205587499285,0.061345205587499285,0.0,0.0
27,0,20,S->S,0.8872935912188362,0.8872935912188362,0.0,0.0
27,0,20,S->X,0.12008380889892578,0.12008380889892578,0.0,0.0
27,0,20,X->P,0.013399001210927963,0.013399001210927963,0.0,0.0
27,0,20,X->R1,0.04234527796506882,0.04234527796506882,0.0,0.0
27,0,20,X->S,0.07483653724193573,0.07483653724193573,0.0,0.0
27,0,20,X->X,0.9113553762435913,0.9113553762435913,0.0,0.0
27,4,0,P->P,0.7127790451049805,0.7127790451049805,0.0,0.0
27,4,0,P->R1,0.0338670052587986,0.0338670052587986,0.0,0.0
27,4,0,P->S,0.049880191683769226,0.049880191683769226,0.0,0.0
27,4,0,P->X,0.2090107798576355,0.2090107798576355,0.0,0.0
27,4,0,R1->P,0.0015774210367132636,0.0015790074625435997,1.5864258303360888e-06,0.0010057085542878189
27,4,0,R1->R1,0.8654528225169462,0.8664536195642808,0.0010007970473345784,0.001156385445048314
27,4,0,R1->S,0.10362279415130615,0.10380145381478702,0.00017865966348086515,0.0017241347808088724
27,4,0,R1->X,0.0904686450958252,0.0895170674604528,0.0009515776353723887,0.010518314211122199
27,4,0,S->P,0.003955771817880518,0.003955771817880518,0.0,0.0
27,4,0,S->R1,0.09647351152756635,0.09647351152756635,0.0,0.0
27,4,0,S->S,0.8659535576315487,0.8659535576315487,0.0,0.0
27,4,0,S->X,0.13798731916091023,0.13798731916091023,0.0,0.0
27,4,0,X->P,0.03813159465789795,0.03813159465789795,0.0,0.0
27,4,0,X->R1,0.06452268362045288,0.06452268362045288,0.0,0.0
27,4,0,X->S,0.0912146121263504,0.0912146121263504,0.0,0.0
27,4,0,X->X,0.8599318861961365,0.8599318861961365,0.0,0.0
27,4,4,P->P,0.9254483580589294,0.9254483580589294,0.0,0.0
27,4,4,P->R1,0.015802741050720215,0.015802741050720215,0.0,0.0
27,4,4,P->S,0.015182308852672577,0.015182308852672577,0.0,0.0
27,4,4,P->X,0.04640873149037361,0.04640873149037361,0.0,0.0
27,4,4,R1->P,0.03276212776408476,0.03425862508661607,0.0014964973225313066,0.045677659683991303
27,4,4,R1->R1,0.621529130374684,0.6196228476131663,0.0019062827615177191,0.003067085142684352
27,4,4,R1->S,0.08333687922533821,0.08326866346247055,6.82157628676544e-05,0.0008185543243490416
27,4,4,R1->X,0.31275808109956627,0.31308679019703584,0.00032870909746957055,0.0010510011326131852
27,4,4,S->P,0.04786429685704848,0.04786429685704848,0.0,0.0
27,4,4,S->R1,0.1321093054378734,0.1321093054378734,0.0,0.0
27,4,4,S->S,0.5872638365801643,0.5872638365801643,0.0,0.0
27,4,4,S->X,0.2876145418952493,0.2876145418952493,0.0,0.0
27,4,4,X->P,0.017542462795972824,0.017542462795972824,0.0,0.0
27,4,4,X->R1,0.3244625926017761,0.3244625926017761,0.0,0.0
27,4,4,X->S,0.2019733488559723,0.2019733488559723,0.0,0.0
27,4,4,X->X,0.48234525322914124,0.48234525322914124,0.0,0.0
27,4,8,P->P,0.9223057627677917,0.9223057627677917,0.0,0.0
27,4,8,P->R1,0.013220787048339844,0.013220787048339844,0.0,0.0
27,4,8,P->S,0.021455852314829826,0.021455852314829826,0.0,0.0
27,4,8,P->X,0.04895094409584999,0.04895094409584999,0.0,0.0
27,4,8,R1->P,0.009079496650134815,0.009083569049835205,4.072399700389903e-06,0.00044852703374580075
27,4,8,R1->R1,0.8345918094410616,0.8362177680520451,0.001625958610983469,0.0019482082050055072
27,4,8,R1->S,0.09811925888061523,0.09796289135428037,0.00015636752633486906,0.0015936476500003562
27,4,8,R1->X,0.10845898880678065,0.10731932696174173,0.001139661845038914,0.010507767567971872
27,4,8,S->P,0.013834045213811538,0.013834045213811538,0.0,0.0
27,4,8,S->R1,0.055585195036495436,0.055585195036495436,0.0,0.0
27,4,8,S->S,0.9016954758588005,0.9016954758588005,0.0,0.0
27,4,8,S->X,0.10239887237548828,0.10239887237548828,0.0,0.0
27,4,8,X->P,0.021032102406024933,0.021032102406024933,0.0,0.0
27,4,8,X->R1,0.047160804271698,0.047160804271698,0.0,0.0
27,4,8,X->S,0.05547071248292923,0.05547071248292923,0.0,0.0
27,4,8,X->X,0.9119933247566223,0.9119933247566223,0.0,0.0
27,4,12,P->P,0.7943490743637085,0.7943490743637085,0.0,0.0
27,4,12,P->R1,0.03259754925966263,0.03259754925966263,0.0,0.0
27,4,12,P->S,0.03133699297904968,0.03133699297904968,0.0,0.0
27,4,12,P->X,0.15050163865089417,0.15050163865089417,0.0,0.0
27,4,12,R1->P,0.00031980488668469824,0.0003187148557866321,1.0900308980661471e-06,0.003408424772260686
27,4,12,R1->R1,0.8903362610760857,0.8909581128288718,0.0006218517527861733,0.0006984459467421732
27,4,12,R1->S,0.09385923778309542,0.09303294209872975,0.000826295684365666,0.008803562695397112
27,4,12,R1->X,0.07845002763411578,0.07787338425131406,0.0005766433828017226,0.00735045480788277
27,4,12,S->P,0.002881283707478467,0.002881283707478467,0.0,0.0
27,4,12,S->R1,0.10015194556292366,0.10015194556292366,0.0,0.0
27,4,12,S->S,0.8940602470846737,0.8940602470846737,0.0,0.0
27,4,12,S->X,0.10855712610132554,0.10855712610132554,0.0,0.0
27,4,12,X->P,0.09043383598327637,0.09043383598327637,0.0,0.0
27,4,12,X->R1,0.07847459614276886,0.07847459614276886,0.0,0.0
27,4,12,X->S,0.08315051347017288,0.08315051347017288,0.0,0.0
27,4,12,X->X,0.7978720664978027,0.7978720664978027,0.0,0.0
27,4,16,P->P,0.9053045511245728,0.9053045511245728,0.0,0.0
27,4,16,P->R1,0.017792517319321632,0.017792517319321632,0.0,0.0
27,4,16,P->S,0.019415806978940964,0.019415806978940964,0.0,0.0
27,4,16,P->X,0.06131264567375183,0.06131264567375183,0.0,0.0
27,4,16,R1->P,0.0028499445932752944,0.0031611546874046326,0.00031121009412933814,0.1091986471820073
27,4,16,R1->R1,0.8167788561652688,0.8157373316147748,0.0010415245504939996,0.0012751610091670336
27,4,16,R1->S,0.07939535028794233,0.07977861516615924,0.00038326487821691013,0.004827296268949343
27,4,16,R1->X,0.1595026605269488,0.16023551716524012,0.0007328566382913126,0.004594635825322128
27,4,16,S->P,0.005945104886503781,0.005945104886503781,0.0,0.0
27,4,16,S->R1,0.09300977342269,0.09300977342269,0.0,0.0
27,4,16,S->S,0.904263272004969,0.904263272004969,0.0,0.0
27,4,16,S->X,0.09936877559213077,0.09936877559213077,0.0,0.0
27,4,16,X->P,0.05113975703716278,0.05113975703716278,0.0,0.0
27,4,16,X->R1,0.03506883978843689,0.03506883978843689,0.0,0.0
27,4,16,X->S,0.08616674691438675,0.08616674691438675,0.0,0.0
27,4,16,X->X,0.8874226212501526,0.8874226212501526,0.0,0.0
27,4,20,P->P,0.9161092042922974,0.9161092042922974,0.0,0.0
27,4,20,P->R1,0.009107425808906555,0.009107425808906555,0.0,0.0
27,4,20,P->S,0.012854312546551228,0.012854312546551228,0.0,0.0
27,4,20,P->X,0.06582179665565491,0.06582179665565491,0.0,0.0
27,4,20,R1->P,0.05890976681428797,0.059822608442867506,0.0009128416285795332,0.015495590594633497
27,4,20,R1->R1,0.7312089695649988,0.7324195188634536,0.0012105492984547661,0.0016555449246949611
27,4,20,R1->S,0.09554773218491498,0.09519397511201746,0.00035375707289751757,0.003702412028083368
27,4,20,R1->X,0.1715226033154656,0.16951704025268555,0.002005563062780047,0.011692704191828298
27,4,20,S->P,0.05731308460235596,0.05731308460235596,0.0,0.0
27,4,20,S->R1,0.06202561715069939,0.06202561715069939,0.0,0.0
27,4,20,S->S,0.8404835532693302,0.8404835532693302,0.0,0.0
27,4,20,S->X,0.1153636469560511,0.1153636469560511,0.0,0.0
27,4,20,X->P,0.12226734310388565,0.12226734310388565,0.0,0.0
27,4,20,X->R1,0.04332993924617767,0.04332993924617767,0.0,0.0
27,4,20,X->S,0.062366075813770294,0.062366075813770294,0.0,0.0
27,4,20,X->X,0.808391809463501,0.808391809463501,0.0,0.0
27,14,0,P->P,0.7169786691665649,0.7169786691665649,0.0,0.0
27,14,0,P->R1,0.0029699162114411592,0.0029699162114411592,0.0,0.0
27,14,0,P->S,0.014404014684259892,0.014404014684259892,0.0,0.0
27,14,0,P->X,0.27541813254356384,0.27541813254356384,0.0,0.0
27,14,0,R1->P,0.8327663085039925,0.8345290913301355,0.0017627828261430611,0.0021167797113571746
27,14,0,R1->R1,0.0679551783730002,0.06740778334000531,0.0005473950329948907,0.00805523649706702
27,14,0,R1->S,0.026440995581009808,0.025845091132556692,0.0005959044484531162,0.02253714110829854
27,14,0,R1->X,0.0961306656108183,0.09491363693686093,0.001217028673957371,0.012660150288405054
27,14,0,S->P,0.7011377671185661,0.7011377671185661,0.0,0.0
27,14,0,S->R1,0.021124853807337144,0.021124853807337144,0.0,0.0
27,14,0,S->S,0.11081384210025563,0.11081384210025563,0.0,0.0
27,14,0,S->X,0.2033394364749684,0.2033394364749684,0.0,0.0
27,14,0,X->P,0.4573068618774414,0.4573068618774414,0.0,0.0
27,14,0,X->R1,0.0010933969169855118,0.0010933969169855118,0.0,0.0
27,14,0,X->S,0.042207326740026474,0.042207326740026474,0.0,0.0
27,14,0,X->X,0.5393694043159485,0.5393694043159485,0.0,0.0
27,14,4,P->P,0.6859228610992432,0.6859228610992432,0.0,0.0
27,14,4,P->R1,0.054339680820703506,0.054339680820703506,0.0,0.0
27,14,4,P->S,0.05565470829606056,0.05565470829606056,0.0,0.0
27,14,4,P->X,0.21922704577445984,0.21922704577445984,0.0,0.0
27,14,4,R1->P,0.0514482715550591,0.052334817016825956,0.0008865454617668564,0.01723178320612948
27,14,4,R1->R1,0.6342471627628102,0.6313219631419462,0.0029251996208640163,0.004612081523741801
27,14,4,R1->S,0.0919482427484849,0.09365393133724437,0.0017056885887594686,0.018550529491087795
27,14,4,R1->X,0.2575419930850758,0.25947680192835193,0.0019348088432761257,0.007512595596932363
27,14,4,S->P,0.11754041559555951,0.11754041559555951,0.0,0.0
27,14,4,S->R1,0.19376350851619945,0.19376350851619945,0.0,0.0
27,14,4,S->S,0.4238436923307531,0.4238436923307531,0.0,0.0
27,14,4,S->X,0.3151593488805434,0.3151593488805434,0.0,0.0
27,14,4,X->P,0.08636336028575897,0.08636336028575897,0.0,0.0
27,14,4,X->R1,0.12495553493499756,0.12495553493499756,0.0,0.0
27,14,4,X->S,0.10447519272565842,0.10447519272565842,0.0,0.0
27,14,4,X->X,0.7202576398849487,0.7202576398849487,0.0,0.0
27,14,8,P->P,0.4312416911125183,0.4312416911125183,0.0,0.0
27,14,8,P->R1,0.040860436856746674,0.040860436856746674,0.0,0.0
27,14,8,P->S,0.03501379117369652,0.03501379117369652,0.0,0.0
27,14,8,P->X,0.5135400295257568,0.5135400295257568,0.0,0.0
27,14,8,R1->P,0.023594098932602826,0.023464893593507653,0.00012920533909517237,0.00547617179466149
27,14,8,R1->R1,0.8830184936523438,0.8831118976368624,9.34039845186252e-05,0.0001057780614902949
27,14,8,R1->S,0.05945791216457591,0.059863525278428024,0.00040561311385211435,0.006821852619537022
27,14,8,R1->X,0.05524900380302878,0.055298959507661706,4.995570463292576e-05,0.0009041919526915915
27,14,8,S->P,0.04543911008273854,0.04543911008273854,0.0,0.0
27,14,8,S->R1,0.08560394539552577,0.08560394539552577,0.0,0.0
27,14,8,S->S,0.7818095263312844,0.7818095263312844,0.0,0.0
27,14,8,S->X,0.12625785434947295,0.12625785434947295,0.0,0.0
27,14,8,X->P,0.18728438019752502,0.18728438019752502,0.0,0.0
27,14,8,X->R1,0.02207943983376026,0.02207943983376026,0.0,0.0
27,14,8,X->S,0.06471014022827148,0.06471014022827148,0.0,0.0
27,14,8,X->X,0.7741382122039795,0.7741382122039795,0.0,0.0
27,14,12,P->P,0.3761027455329895,0.3761027455329895,0.0,0.0
27,14,12,P->R1,0.1785169541835785,0.1785169541835785,0.0,0.0
27,14,12,P->S,0.1792166531085968,0.1792166531085968,0.0,0.0
27,14,12,P->X,0.2809130549430847,0.2809130549430847,0.0,0.0
27,14,12,R1->P,0.1004724011701696,0.10084859062643613,0.00037618945626652356,0.003744206885524447
27,14,12,R1->R1,0.5109259100521312,0.5126613729140338,0.0017354628619026258,0.0033967016112483937
27,14,12,R1->S,0.058703464620253616,0.05724957410026999,0.001453890519983625,0.024766690167074227
27,14,12,R1->X,0.3603859508738798,0.35830267737893495,0.0020832734949448595,0.005780673441606827
27,14,12,S->P,0.20365043247447295,0.20365043247447295,0.0,0.0
27,14,12,S->R1,0.2740774715647978,0.2740774715647978,0.0,0.0
27,14,12,S->S,0.26461085151223573,0.26461085151223573,0.0,0.0
27,14,12,S->X,0.2889851401833927,0.2889851401833927,0.0,0.0
27,14,12,X->P,0.1070527732372284,0.1070527732372284,0.0,0.0
27,14,12,X->R1,0.5826499462127686,0.5826499462127686,0.0,0.0
27,14,12,X->S,0.2456815242767334,0.2456815242767334,0.0,0.0
27,14,12,X->X,0.08172792196273804,0.08172792196273804,0.0,0.0
27,14,16,P->P,0.6735815405845642,0.6735815405845642,0.0,0.0
27,14,16,P->R1,0.006542086601257324,0.006542086601257324,0.0,0.0
27,14,16,P->S,0.026074429973959923,0.026074429973959923,0.0,0.0
27,14,16,P->X,0.31289801001548767,0.31289801001548767,0.0,0.0
27,14,16,R1->P,0.13539239939521341,0.1362161355860093,0.0008237361907958984,0.006084065239078852
27,14,16,R1->R1,0.5117401235243854,0.511220371021944,0.0005197525024414062,0.0010156571246785167
27,14,16,R1->S,0.06506590983446907,0.06490443734561696,0.0001614724888521074,0.0024816757233227277
27,14,16,R1->X,0.3280472755432129,0.3277241762946634,0.00032309924854950767,0.0009849167258422988
27,14,16,S->P,0.2623494372648351,0.2623494372648351,0.0,0.0
27,14,16,S->R1,0.14631147945628448,0.14631147945628448,0.0,0.0
27,14,16,S->S,0.4690503513111788,0.4690503513111788,0.0,0.0
27,14,16,S->X,0.1676029037026798,0.1676029037026798,0.0,0.0
27,14,16,X->P,0.45471084117889404,0.45471084117889404,0.0,0.0
27,14,16,X->R1,0.00568652618676424,0.00568652618676424,0.0,0.0
27,14,16,X->S,0.046445582062006,0.046445582062006,0.0,0.0
27,14,16,X->X,0.5317206382751465,0.5317206382751465,0.0,0.0
27,14,20,P->P,0.7858759760856628,0.7858759760856628,0.0,0.0
27,14,20,P->R1,0.023404868319630623,0.023404868319630623,0.0,0.0
27,14,20,P->S,0.020016968250274658,0.020016968250274658,0.0,0.0
27,14,20,P->X,0.18058447539806366,0.18058447539806366,0.0,0.0
27,14,20,R1->P,0.4491880080279182,0.4482569975011489,0.0009310105267693047,0.002072652230536484
27,14,20,R1->R1,0.21901404156404383,0.22084135167738972,0.0018273101133458869,0.00834334684797617
27,14,20,R1->S,0.08147731949301328,0.08151501066544477,3.7691172431492115e-05,0.0004625971088153453
27,14,20,R1->X,0.27803387361414295,0.2770693161908318,0.0009645574233111409,0.0034692083046318285
27,14,20,S->P,0.36783482046688304,0.36783482046688304,0.0,0.0
27,14,20,S->R1,0.13703123260946834,0.13703123260946834,0.0,0.0
27,14,20,S->S,0.21141408471500173,0.21141408471500173,0.0,0.0
27,14,20,S->X,0.32161937040441174,0.32161937040441174,0.0,0.0
27,14,20,X->P,0.8867371678352356,0.8867371678352356,0.0,0.0
27,14,20,X->R1,0.009676346555352211,0.009676346555352211,0.0,0.0
27,14,20,X->S,0.011806475929915905,0.011806475929915905,0.0,0.0
27,14,20,X->X,0.096956267952919,0.096956267952919,0.0,0.0
27,24,0,P->P,0.22872456908226013,0.22872456908226013,0.0,0.0
27,24,0,P->R1,0.27413907647132874,0.27413907647132874,0.0,0.0
27,24,0,P->S,0.33034077286720276,0.33034077286720276,0.0,0.0
27,24,0,P->X,0.18692898750305176,0.18692898750305176,0.0,0.0
27,24,0,R1->P,0.009491249918937683,0.009699562016655417,0.00020831209771773364,0.02194780450381915
27,24,0,R1->R1,0.5353850757374483,0.5363831800573012,0.0009981043198529216,0.0018642737070661078
27,24,0,R1->S,0.1178731918334961,0.11662511965807747,0.001248072175418627,0.010588261469848155
27,24,0,R1->X,0.3970290913301356,0.39592726090375113,0.0011018304263844536,0.002775188142241862
27,24,0,S->P,0.003019260790418176,0.003019260790418176,0.0,0.0
27,24,0,S->R1,0.22544527053833008,0.22544527053833008,0.0,0.0
27,24,0,S->S,0.5516073002534754,0.5516073002534754,0.0,0.0
27,24,0,S->X,0.31448543772977944,0.31448543772977944,0.0,0.0
27,24,0,X->P,0.045784201472997665,0.045784201472997665,0.0,0.0
27,24,0,X->R1,0.0044197458773851395,0.0044197458773851395,0.0,0.0
27,24,0,X->S,0.0577775314450264,0.0577775314450264,0.0,0.0
27,24,0,X->X,0.9467374086380005,0.9467374086380005,0.0,0.0
27,24,4,P->P,0.7336685061454773,0.7336685061454773,0.0,0.0
27,24,4,P->R1,0.026508867740631104,0.026508867740631104,0.0,0.0
27,24,4,P->S,0.040008656680583954,0.040008656680583954,0.0,0.0
27,24,4,P->X,0.22008857131004333,0.22008857131004333,0.0,0.0
27,24,4,R1->P,0.00470056472455754,0.0047283667851896844,2.7802060632144653e-05,0.005914621383021513
27,24,4,R1->R1,0.41380590551039753,0.4159415469450109,0.0021356414346133668,0.005160973795140063
27,24,4,R1->S,0.2690662215737736,0.266271198497099,0.002795023076674563,0.010387863107923464
27,24,4,R1->X,0.35608605777516084,0.35467950035544005,0.0014065574197207886,0.003950049121577555
27,24,4,S->P,0.02469394838108736,0.02469394838108736,0.0,0.0
27,24,4,S->R1,0.28667396657607136,0.28667396657607136,0.0,0.0
27,24,4,S->S,0.48284149169921875,0.48284149169921875,0.0,0.0
27,24,4,S->X,0.2615820660310633,0.2615820660310633,0.0,0.0
27,24,4,X->P,0.45857736468315125,0.45857736468315125,0.0,0.0
27,24,4,X->R1,0.012553240172564983,0.012553240172564983,0.0,0.0
27,24,4,X->S,0.038953058421611786,0.038953058421611786,0.0,0.0
27,24,4,X->X,0.5210756063461304,0.5210756063461304,0.0,0.0
27,24,8,P->P,0.10872456431388855,0.10872456431388855,0.0,0.0
27,24,8,P->R1,0.10893856734037399,0.10893856734037399,0.0,0.0
27,24,8,P->S,0.13171052932739258,0.13171052932739258,0.0,0.0
27,24,8,P->X,0.6951777935028076,0.6951777935028076,0.0,0.0
27,24,8,R1->P,0.43161902708165784,0.4333222613615148,0.0017032342798569688,0.003946151983551769
27,24,8,R1->R1,0.120115925283993,0.11880042973686666,0.0013154955471263302,0.010951882891598864
27,24,8,R1->S,0.18298934487735524,0.18173801197725184,0.0012513329001034024,0.006838282857081553
27,24,8,R1->X,0.29329782373764934,0.2941628343918744,0.0008650106542250624,0.0029492569811864744
27,24,8,S->P,0.29329628102919636,0.29329628102919636,0.0,0.0
27,24,8,S->R1,0.18039361168356502,0.18039361168356502,0.0,0.0
27,24,8,S->S,0.351713965920841,0.351713965920841,0.0,0.0
27,24,8,S->X,0.21298554364372702,0.21298554364372702,0.0,0.0
27,24,8,X->P,0.6751611828804016,0.6751611828804016,0.0,0.0
27,24,8,X->R1,0.0068085528910160065,0.0068085528910160065,0.0,0.0
27,24,8,X->S,0.02556905522942543,0.02556905522942543,0.0,0.0
27,24,8,X->X,0.3091883659362793,0.3091883659362793,0.0,0.0
27,24,12,P->P,0.27593833208084106,0.27593833208084106,0.0,0.0
27,24,12,P->R1,0.01242521870881319,0.01242521870881319,0.0,0.0
27,24,12,P->S,0.03621885925531387,0.03621885925531387,0.0,0.0
27,24,12,P->X,0.7017295360565186,0.7017295360565186,0.0,0.0
27,24,12,R1->P,0.055694229462567496,0.055527192704817825,0.00016703675774967092,0.0029991753070564976
27,24,12,R1->R1,0.12630782407872818,0.1263892650604248,8.144098169662883e-05,0.0006447817646345197
27,24,12,R1->S,0.12575850767247818,0.12536099377800436,0.0003975138944738166,0.0031609304358882046
27,24,12,R1->X,0.7679169598747703,0.7681040483362535,0.00018708846148318692,0.00024363111020975076
27,24,12,S->P,0.10219973676344928,0.10219973676344928,0.0,0.0
27,24,12,S->R1,0.21572480482213638,0.21572480482213638,0.0,0.0
27,24,12,S->S,0.197755448958453,0.197755448958453,0.0,0.0
27,24,12,S->X,0.5543463089886833,0.5543463089886833,0.0,0.0
27,24,12,X->P,0.13467475771903992,0.13467475771903992,0.0,0.0
27,24,12,X->R1,0.005513859912753105,0.005513859912753105,0.0,0.0
27,24,12,X->S,0.05124565213918686,0.05124565213918686,0.0,0.0
27,24,12,X->X,0.8572864532470703,0.8572864532470703,0.0,0.0
27,24,16,P->P,0.0907881036400795,0.0907881036400795,0.0,0.0
27,24,16,P->R1,0.19310058653354645,0.19310058653354645,0.0,0.0
27,24,16,P->S,0.2336413711309433,0.2336413711309433,0.0,0.0
27,24,16,P->X,0.5017673373222351,0.5017673373222351,0.0,0.0
27,24,16,R1->P,0.004184818004860598,0.004248067736625671,6.324973176507348e-05,0.015114093776983837
27,24,16,R1->R1,0.428557788624483,0.4274940490722656,0.001063739552217391,0.0024821379530438913
27,24,16,R1->S,0.142087179071763,0.14331682990579045,0.001229650834027457,0.008654199781152708
27,24,16,R1->X,0.4899051890653722,0.4910441005931181,0.0011389115277458672,0.0023247590618883864
27,24,16,S->P,0.001065722173627685,0.001065722173627685,0.0,0.0
27,24,16,S->R1,0.1221320208381204,0.1221320208381204,0.0,0.0
27,24,16,S->S,0.5116751614738914,0.5116751614738914,0.0,0.0
27,24,16,S->X,0.44771287020514994,0.44771287020514994,0.0,0.0
27,24,16,X->P,0.027277693152427673,0.027277693152427673,0.0,0.0
27,24,16,X->R1,0.0046555595472455025,0.0046555595472455025,0.0,0.0
27,24,16,X->S,0.044990744441747665,0.044990744441747665,0.0,0.0
27,24,16,X->X,0.9647384881973267,0.9647384881973267,0.0,0.0
27,24,20,P->P,0.2088998556137085,0.2088998556137085,0.0,0.0
27,24,20,P->R1,0.1581505537033081,0.1581505537033081,0.0,0.0
27,24,20,P->S,0.17464293539524078,0.17464293539524078,0.0,0.0
27,24,20,P->X,0.4978446960449219,0.4978446960449219,0.0,0.0
27,24,20,R1->P,0.3003532746258904,0.30290836446425495,0.002555089838364555,0.008506948497721845
27,24,20,R1->R1,0.0826417698579676,0.08212692597333122,0.000514843884636379,0.0062298264608952126
27,24,20,R1->S,0.053382368648753446,0.05090095716364244,0.0024814114851110097,0.04648372764120414
27,24,20,R1->X,0.5968841103946462,0.5948660233441521,0.0020180870504941106,0.0033810366457230658
27,24,20,S->P,0.4053199431475471,0.4053199431475471,0.0,0.0
27,24,20,S->R1,0.11647668305565329,0.11647668305565329,0.0,0.0
27,24,20,S->S,0.09786373727461871,0.09786373727461871,0.0,0.0
27,24,20,S->X,0.4012496611651252,0.4012496611651252,0.0,0.0
27,24,20,X->P,0.7549773454666138,0.7549773454666138,0.0,0.0
27,24,20,X->R1,0.010412603616714478,0.010412603616714478,0.0,0.0
27,24,20,X->S,0.012794682756066322,0.012794682756066322,0.0,0.0
27,24,20,X->X,0.229638934135437,0.229638934135437,0.0,0.0
