layer,edge,mean,std,max
0,X->S,0.08023081469305214,0.025922395033723705,0.1552196443080902
0,X->R1,0.025943447547130443,0.02128107118298284,0.11546064913272858
0,X->P,0.07432917149756013,0.11214804070671915,0.5864412784576416
0,S->R1,0.06276738089548439,0.031622075262716605,0.18199651381548712
0,R1->S,0.16468052354742999,0.07246746523859036,0.34432775834027457
0,S->X,0.21443540937885514,0.10945097811204271,0.542399013743681
0,R1->X,0.15710608928310438,0.0980305212492297,0.39757004906149473
0,X->X,0.8685765885304482,0.14459001567819954,0.9824923276901245
0,S->S,0.6196396984472996,0.1886154136788852,0.9236279094920439
0,R1->R1,0.6178684361091181,0.20962320124710235,0.9009158751543831
0,P->P,0.27761777446167324,0.19627642472910173,0.734355092048645
1,X->S,0.12579907319464145,0.07856404851532697,0.5496078729629517
1,X->R1,0.060925125413632486,0.06167963130806924,0.36447376012802124
1,X->P,0.20438583886079004,0.15442087836666607,0.7487819194793701
1,S->R1,0.09114838157641797,0.04774065155563763,0.34685735141529755
1,R1->S,0.14246752877796823,0.07618382885341306,0.5224239685956169
1,S->X,0.2320656695061413,0.15262311087160868,0.6838708204381606
1,R1->X,0.25185649355867595,0.1857528082487518,0.6686853521010455
1,X->X,0.6518695027057436,0.17929567383332257,0.9282500147819519
1,S->S,0.5864405400248203,0.25488214190167574,0.9155938204597024
1,R1->R1,0.49716345491612507,0.27313511371198607,0.9195034363690544
1,P->P,0.6562393302364009,0.16764096554635216,0.9242545962333679
2,X->S,0.12248145218472928,0.10180435754158135,0.5967884063720703
2,X->R1,0.07789966869919833,0.10775187083310282,0.45379677414894104
2,X->P,0.07140005643001739,0.10467042437992849,0.4610743224620819
2,S->R1,0.10598017703689615,0.04797558372535921,0.377530013813692
2,R1->S,0.11721263748152748,0.06032566663113739,0.38298337599810434
2,S->X,0.18069232201741106,0.14833593549671303,0.6611210879157571
2,R1->X,0.16867809174373663,0.19316214062916656,0.7611033495734719
2,X->X,0.7748650211946196,0.25139223098826635,0.980242133140564
2,S->S,0.7315655487383447,0.22879397111278593,0.9508990119485294
2,R1->R1,0.6963077691443661,0.273991544102398,0.9641856025247013
2,P->P,0.6555593330413103,0.22532926056008437,0.9735309481620789
3,X->S,0.08852675436563524,0.07582707334903543,0.5850672721862793
3,X->R1,0.06446304671927854,0.12181989996040395,0.5321940183639526
3,X->P,0.10097836565506398,0.11439520037546862,0.6299434900283813
3,S->R1,0.08706831365961684,0.05529040840774328,0.3452593859504251
3,R1->S,0.08756807247443633,0.03503342615830358,0.3271298128015855
3,S->X,0.09463735042708595,0.05438634149830671,0.3674909647773294
3,R1->X,0.0705109801325531,0.07144538511848512,0.42276862088371725
3,X->X,0.791143572262843,0.2069427122699885,0.9891172051429749
3,S->S,0.7767012316253589,0.24976879103507155,0.9761342441334444
3,R1->R1,0.7753690874871879,0.24418079014369334,0.969908545998966
3,P->P,0.7375082343018481,0.1743418362354996,0.959100067615509
4,X->S,0.13036343956177698,0.08877031459891267,0.577630877494812
4,X->R1,0.1574321733219438,0.1576223168550778,0.6399483680725098
4,X->P,0.12068730964633037,0.12803562738141439,0.7919574975967407
4,S->R1,0.1183724073427064,0.07617391029180429,0.4540709327248966
4,R1->S,0.10298156884892815,0.04729173972400572,0.38450414994183707
4,S->X,0.10489545720668525,0.06586932886192673,0.4655027389526367
4,R1->X,0.0925914738118565,0.08270154768518996,0.5462049596449908
4,X->X,0.6293127859743046,0.242554598209649,0.953108012676239
4,S->S,0.761753932121588,0.1985821013934387,0.9729254105511833
4,R1->R1,0.7854617454257665,0.16239334685609774,0.9734416288488051
4,P->P,0.8461827957182235,0.2117309189435933,0.9788695573806763
5,X->S,0.11121780310211415,0.10035798880073912,0.6798987984657288
5,X->R1,0.09934824104103816,0.15549470865824916,0.6658803224563599
5,X->P,0.31509430344089023,0.25068923549334193,0.9310253858566284
5,S->R1,0.0701318538419352,0.050650604508239085,0.2051539421081543
5,R1->S,0.09765146353023768,0.05364563623966662,0.36682356105131264
5,S->X,0.1849787475408188,0.17202915068809957,0.8602496876436121
5,R1->X,0.21857701484347083,0.22325485613591028,0.9564904605641085
5,X->X,0.5041985820391259,0.23352341787444802,0.8887499570846558
5,S->S,0.500700100118957,0.310552823021469,0.970404681037454
5,R1->R1,0.4783714396594724,0.32108005291676517,0.9982619566075942
5,P->P,0.5925567883865109,0.3034519051503522,0.9898626208305359
6,X->S,0.09768053420841516,0.062210336642440696,0.5213067531585693
6,X->R1,0.08145323716841328,0.0982021921893108,0.5530751347541809
6,X->P,0.2361212062255834,0.17521693347819614,0.758648157119751
6,S->R1,0.10065009301470941,0.06710946886799193,0.4066445687237908
6,R1->S,0.09672729979094419,0.05671600989490891,0.49697169135598573
6,S->X,0.1395210039068838,0.09610736961696545,0.5335896435905906
6,R1->X,0.16256847160187465,0.15445027684128693,0.6998015011058134
6,X->X,0.6229330099553668,0.19429199523957924,0.9138460159301758
6,S->S,0.6416277774617452,0.2210144326694876,0.9352646995993221
6,R1->R1,0.6275771531988593,0.22743176142965904,0.9590907377355239
6,P->P,0.545158373724137,0.26955407153516536,0.9881402850151062
7,X->S,0.1117125058725443,0.07577010307727204,0.5769832134246826
7,X->R1,0.12453654893622679,0.12873286595271036,0.6200610399246216
7,X->P,0.2788621632685785,0.22206055897204285,0.9013088941574097
7,S->R1,0.11379338412986502,0.06619771710042778,0.32768524394315834
7,R1->S,0.10301867013938036,0.05591125076494463,0.39301086874569163
7,S->X,0.16501158241349526,0.133926863514779,0.7388746598187614
7,R1->X,0.19299588248222357,0.19597574301861406,0.9204279955695657
7,X->X,0.5183833053978604,0.21806997982027249,0.8936200141906738
7,S->S,0.5497511909017209,0.2533798249432524,0.9379125482895795
7,R1->R1,0.5254069874610972,0.28188942431681874,0.9477404426125919
7,P->P,0.5698970793524668,0.2538479116901897,0.9932221174240112
8,X->S,0.0888405586031565,0.06679569420561185,0.5793860554695129
8,X->R1,0.09685590268678165,0.11241430712848578,0.5412195324897766
8,X->P,0.37224570766972775,0.23132874708950837,0.9101457595825195
8,S->R1,0.09678838556992406,0.05575985785147433,0.270875566145953
8,R1->S,0.09343977300163243,0.05101043491717614,0.3605192408842199
8,S->X,0.16669189766654616,0.148937127766702,0.8217568678014419
8,R1->X,0.19560964803827052,0.17877264684255448,0.8694804135490867
8,X->X,0.4698079866135404,0.19515711373270628,0.9021766781806946
8,S->S,0.47310440783605434,0.2673367722675133,0.9276527516982135
8,R1->R1,0.45943893071691866,0.25897077542606417,0.9483943266027114
8,P->P,0.5870522828772664,0.2374874059050251,0.980358362197876
9,X->S,0.07962249466315068,0.07808580776503196,0.5358039140701294
9,X->R1,0.067883474935765,0.11613010292906656,0.6332814693450928
9,X->P,0.5160293887318057,0.2925409000044287,0.9794926643371582
9,S->R1,0.06578463454225283,0.055749204968785895,0.2652314129997702
9,R1->S,0.07565822307191901,0.060713476868256316,0.3073249143712661
9,S->X,0.1972191245259237,0.17734107206134256,0.768118746140424
9,R1->X,0.2560370191351788,0.24253917643568465,0.9305989882525276
9,X->X,0.3550973599942933,0.2293678122454473,0.7881022691726685
9,S->S,0.2658071888218838,0.25949151470797555,0.8642103531781364
9,R1->R1,0.22336328839670327,0.2478581572718505,0.917786486008588
9,P->P,0.6693491815766763,0.22541713693904963,0.9782000780105591
10,X->S,0.056441594387468375,0.04325029317972103,0.2955554723739624
10,X->R1,0.043253508303678245,0.04303734750054639,0.25567811727523804
10,X->P,0.599803971603424,0.24153521149278187,0.967151939868927
10,S->R1,0.12235926454237868,0.17518150040571095,0.8840004977057961
10,R1->S,0.15671983167587558,0.20119121478862922,0.9033599180333755
10,S->X,0.10682911064126202,0.08275305756750265,0.44275303447947784
10,R1->X,0.11081078706497681,0.09387947399739832,0.40378736047183766
10,X->X,0.3154669068060771,0.21369323143447494,0.911811888217926
10,S->S,0.21192967844996546,0.24239660536602883,0.8895043765797335
10,R1->R1,0.2109463412710612,0.23745405172886247,0.9403144612031824
10,P->P,0.7776034112598392,0.17263800248203304,0.9778745174407959
11,X->S,0.06206614853830875,0.02607901528226687,0.1822603940963745
11,X->R1,0.03730284810409926,0.02891189644438445,0.15065819025039673
11,X->P,0.257760768185281,0.19147545573292094,0.8454790115356445
11,S->R1,0.09766150420891637,0.09209774118387361,0.6425698224235984
11,R1->S,0.08774752266371116,0.03399219736303287,0.37764633403104897
11,S->X,0.09356029978653296,0.05338571332862322,0.36600957197301526
11,R1->X,0.08865961009546519,0.08287000563006892,0.6124708512250114
11,X->X,0.6821931588596531,0.18677072616998708,0.9741078019142151
11,S->S,0.8002970079247023,0.14955958005592584,0.9744470259722542
11,R1->R1,0.8097436697918828,0.15170912168775566,0.9868226892807904
11,P->P,0.8531081675152693,0.13063398070358712,0.992516815662384
12,X->S,0.08607249179922724,0.07261498969608629,0.48298829793930054
12,X->R1,0.10649926075791968,0.17634516711408,0.6949436664581299
12,X->P,0.29049902179810616,0.21935724537560253,0.996617317199707
12,S->R1,0.08870244621907698,0.05525152294134152,0.41446326760684743
12,R1->S,0.09376442593408074,0.046217095253723486,0.294736525591682
12,S->X,0.15359271416624523,0.12203888789661266,0.6951574437758502
12,R1->X,0.20882989309241615,0.22990481892021353,0.8917063544778263
12,X->X,0.547747255941864,0.2507339795155652,0.9328261613845825
12,S->S,0.6303445674286285,0.29923281460981865,0.9520259183995864
12,R1->R1,0.5879862082351983,0.3121935875412115,0.9594232895795036
12,P->P,0.636818304081403,0.31857762031591813,0.9988754987716675
13,X->S,0.07370584364807223,0.04390749032107769,0.2529517412185669
13,X->R1,0.061962281972358015,0.07913493951803863,0.31628599762916565
13,X->P,0.282794704034348,0.18928558357317818,0.940731406211853
13,S->R1,0.11316597815837806,0.09046264830355909,0.7197960685281193
13,R1->S,0.09299557976664699,0.03875916452928238,0.3245898415060604
13,S->X,0.09330836739338914,0.04092750174977631,0.27593719258027916
13,R1->X,0.09459019742426084,0.07542855023789917,0.4635341868681066
13,X->X,0.6192733728703821,0.19327139003087151,0.9257775545120239
13,S->S,0.7460205707939066,0.19521794223543748,0.9545046862433938
13,R1->R1,0.7595961311367713,0.19847189933902748,0.9746529074276195
13,P->P,0.691672915038431,0.28739328680033477,0.998130738735199
14,X->S,0.07790646818812959,0.06368226259749134,0.3601759076118469
14,X->R1,0.09717394773456146,0.15441142144246556,0.7046046853065491
14,X->P,0.3504709158234099,0.2247283897806945,0.9349887371063232
14,S->R1,0.08252678232669246,0.049575250038008445,0.285341599408318
14,R1->S,0.079998878741256,0.027045220519663366,0.22965417188756607
14,S->X,0.1474490061204056,0.08177368868984115,0.3982671849867877
14,R1->X,0.18041654341561975,0.13435815754904604,0.5514734492582434
14,X->X,0.5035244261608958,0.25143468156667387,0.9696078300476074
14,S->S,0.6396677720801336,0.23928596001652686,0.9497548271627987
14,R1->R1,0.5850628481953501,0.29458621150790704,0.9713581309599035
14,P->P,0.6667381084102783,0.2775379372867877,0.9869502186775208
15,X->S,0.0627297285883244,0.04606235919851969,0.27466416358947754
15,X->R1,0.07644869738474622,0.11224372432012183,0.5437811613082886
15,X->P,0.4055888992124459,0.2121228537038951,0.9486643075942993
15,S->R1,0.08216400248329847,0.031885098288987564,0.21874678836149328
15,R1->S,0.07264281176187161,0.021018677081557257,0.18413891511804917
15,S->X,0.1385223775298572,0.10924319496851582,0.5935931486241958
15,R1->X,0.1527329217975161,0.14091642719523553,0.689549446105957
15,X->X,0.4825353314102228,0.21483219207373197,0.9113657474517822
15,S->S,0.6576648676293153,0.23803403275331952,0.9675777659696692
15,R1->R1,0.6559122191215097,0.2594479275060751,0.9693361170151654
15,P->P,0.7106684061720789,0.25273911720295505,0.9838089942932129
16,X->S,0.11014050274111685,0.06017362834426582,0.2816369831562042
16,X->R1,0.23633620128358807,0.19546537072813577,0.7961723804473877
16,X->P,0.261882787950093,0.206199788711106,0.8821797966957092
16,S->R1,0.12114467360183638,0.05278725198534539,0.36698145024916706
16,R1->S,0.08635434204143803,0.04255578251498835,0.30174847210154815
16,S->X,0.06796216354144512,0.036724498741046836,0.25963575699750113
16,R1->X,0.0635904629253528,0.07072576245223895,0.44712361167458925
16,X->X,0.4226990405170779,0.22369451524445041,0.976958692073822
16,S->S,0.7570029822300796,0.17180335788451886,0.9679906508501839
16,R1->R1,0.7710782838594011,0.19556394520848205,0.9784483068129596
16,P->P,0.7016065303413641,0.24643846496277821,0.9923357367515564
17,X->S,0.08861784968065053,0.050336285361201806,0.24952580034732819
17,X->R1,0.14097141497491283,0.17067298391866145,0.7361953258514404
17,X->P,0.20198966839095756,0.15554596260617312,0.8645683526992798
17,S->R1,0.13126802131506232,0.08439113189187447,0.4669486494625316
17,R1->S,0.08041769390868414,0.03785693017175091,0.25253744686351104
17,S->X,0.10633793108801798,0.05116553158692534,0.3018956464879653
17,R1->X,0.0973075577123932,0.07511697789474446,0.4017447864308077
17,X->X,0.606038200181155,0.2473179167372059,0.96916663646698
17,S->S,0.6111389094965626,0.25954905552404667,0.9392119014964384
17,R1->R1,0.655389649193494,0.28240120366409466,0.9709324556238511
17,P->P,0.6786794778114805,0.26491290784049526,0.9933910965919495
18,X->S,0.08938229169940487,0.05076360200543025,0.21939951181411743
18,X->R1,0.16667510127964696,0.1570103037327766,0.6958324909210205
18,X->P,0.33242752011089277,0.17817251073560908,0.7836867570877075
18,S->R1,0.10790272247168844,0.0661216490841718,0.3401785457835478
18,R1->S,0.08092013926242664,0.03536642212905348,0.17082037645227768
18,S->X,0.1395586406921639,0.07910053197105613,0.40583644193761487
18,R1->X,0.18418788507382494,0.12991685679276968,0.48435317768770103
18,X->X,0.43935817176298725,0.19372317546042397,0.8504704236984253
18,S->S,0.5487104391950478,0.24400915948637675,0.8984104044297162
18,R1->R1,0.5090741787043188,0.3069041324126976,0.9667215908274931
18,P->P,0.5273068250334334,0.2519502097082409,0.9790477752685547
19,X->S,0.0976523510069542,0.06300983549468885,0.2861085534095764
19,X->R1,0.17515977245160944,0.18900931540265137,0.8112881183624268
19,X->P,0.31138576737551676,0.23268885003257894,0.8712989091873169
19,S->R1,0.09004392365452832,0.04861914882447548,0.2952094078063965
19,R1->S,0.08485340650248177,0.03502704114505394,0.17672332595376408
19,S->X,0.1049106297649297,0.054574114147912,0.3352246564977309
19,R1->X,0.167314866720764,0.1574876472020317,0.7349128162159639
19,X->X,0.44691732463737327,0.24009606129312852,0.8993688821792603
19,S->S,0.599678410577173,0.2598152731868784,0.9134595534380745
19,R1->R1,0.552468988297022,0.3171790923866329,0.9726273031795726
19,P->P,0.7052819875867239,0.22199280279205863,0.9908078908920288
20,X->S,0.08872893721508306,0.055569382298082566,0.26246529817581177
20,X->R1,0.14974257803571941,0.16066486666442464,0.7799161672592163
20,X->P,0.30080086938133244,0.21350832198837522,0.7631231546401978
20,S->R1,0.09625385171298136,0.03998740047171275,0.23232047698077032
20,R1->S,0.0847215487462591,0.03378812595644923,0.19034371656530044
20,S->X,0.14571350488905646,0.09704076998915878,0.4897563036750345
20,R1->X,0.21164906983255966,0.1655398665837524,0.6325946134679458
20,X->X,0.49273357986073407,0.24750745795290027,0.9653729796409607
20,S->S,0.509461816817689,0.283628597993973,0.9524512571447036
20,R1->R1,0.4707271731784698,0.3261748504774825,0.9676260106703815
20,P->P,0.7924253426359168,0.17043974644609103,0.9968951940536499
21,X->S,0.08210455379975472,0.050235483059108244,0.24009880423545837
21,X->R1,0.09208675756342798,0.13487664569167573,0.7009398341178894
21,X->P,0.24297827381053053,0.167687545807771,0.7824404239654541
21,S->R1,0.0927561880735899,0.056878099945273417,0.2681194473715389
21,R1->S,0.08900182889080016,0.04634033758096901,0.2687253952026367
21,S->X,0.11089630798548879,0.06100773436292445,0.3051917693194221
21,R1->X,0.1464309703812384,0.13878695209957959,0.5977648005766028
21,X->X,0.6236298447253094,0.21368162787676812,0.9448757171630859
21,S->S,0.6325914369999099,0.28962419342095036,0.9617532842299518
21,R1->R1,0.5660829904301201,0.3497754984975485,0.9687277849982766
21,P->P,0.7645061108438919,0.246415384745204,0.998227596282959
22,X->S,0.06186061773249613,0.020540364917063982,0.1426045298576355
22,X->R1,0.04734646924087082,0.053170450790360355,0.30603358149528503
22,X->P,0.22603571224248126,0.1757825529699679,0.8081035614013672
22,S->R1,0.17747180136941315,0.1204639709950317,0.4516882615930894
22,R1->S,0.10262015729448666,0.044193478415470805,0.23474031336167278
22,S->X,0.1740535021334344,0.126440123617053,0.59985772301169
22,R1->X,0.20663343689075728,0.16789408755436053,0.585457914015826
22,X->X,0.7072602982987606,0.1881329650945135,0.9755139350891113
22,S->S,0.51001810912742,0.2898203856115405,0.9505453670726103
22,R1->R1,0.5780811644272086,0.3002851496546429,0.973653232350069
22,P->P,0.6953469783156401,0.25699442498963393,0.9932053089141846
23,X->S,0.07840159365081317,0.04857126144336328,0.22991402447223663
23,X->R1,0.09700328400157603,0.0998173207420027,0.6273356080055237
23,X->P,0.2676126574272833,0.28734411568614604,0.9125800132751465
23,S->R1,0.17944238894666004,0.09520551957766152,0.3930494084077723
23,R1->S,0.13240212494773523,0.05976990934709493,0.38418910082648783
23,S->X,0.24744931024340105,0.1590792812055107,0.7715083290548885
23,R1->X,0.27561290770787383,0.19001417945409077,0.8472176159129423
23,X->X,0.5948433614823789,0.2608589498590127,0.9617813229560852
23,S->S,0.46403917259633215,0.2503183031446385,0.9627186270321116
23,R1->R1,0.4924165125654525,0.24443848293925977,0.9918238695930032
23,P->P,0.8171441308222711,0.22224820106679094,0.9937445521354675
24,X->S,0.05761781400291338,0.022028122160847596,0.17200826108455658
24,X->R1,0.04327350836164052,0.0450514766113632,0.33561503887176514
24,X->P,0.20064253963729634,0.2208390966857914,0.8392038345336914
24,S->R1,0.2029176885340394,0.08055053206314358,0.4198623264537138
24,R1->S,0.13790017992508513,0.048778908834851434,0.4458145814783433
24,S->X,0.38824040682188105,0.16701614627445321,0.8256918963264016
24,R1->X,0.5270220395503696,0.2148499648363769,0.9496023514691521
24,X->X,0.739788264191399,0.21980926114562044,0.9835931062698364
24,S->S,0.4055800297263623,0.1909956451724947,0.932925729190602
24,R1->R1,0.32043336274973655,0.19250602612975332,0.912349588730756
24,P->P,0.19319794785821745,0.14295877314784083,0.7336685061454773
